sports_book,bet_type,over/under,player_names,odds,stat_threshold,us_odds
draftkings,player_assists,Over,Cameron Johnson,2.24,2.5,124
draftkings,player_assists,Under,Cameron Johnson,1.62,2.5,-161
draftkings,player_assists,Over,James Harden,1.77,8.5,-129
draftkings,player_assists,Under,James Harden,2.0,8.5,100
draftkings,player_assists,Over,Kawhi Leonard,2.05,3.5,104
draftkings,player_assists,Under,Kawhi Leonard,1.74,3.5,-135
draftkings,player_assists,Over,Mikal Bridges,2.0,3.5,100
draftkings,player_assists,Under,Mikal Bridges,1.77,3.5,-129
draftkings,player_assists,Over,Paul George,1.67,2.5,-149
draftkings,player_assists,Under,Paul George,2.2,2.5,120
draftkings,player_assists,Over,Spencer Dinwiddie,1.77,5.5,-129
draftkings,player_assists,Under,Spencer Dinwiddie,2.0,5.5,100
draftkings,player_assists_alternate,Over,Cameron Johnson,1.4,1.5,-250
draftkings,player_assists_alternate,Under,Cameron Johnson,2.8,1.5,179
draftkings,player_assists_alternate,Over,Cameron Johnson,3.95,3.5,295
draftkings,player_assists_alternate,Under,James Harden,3.9,6.5,290
draftkings,player_assists_alternate,Over,James Harden,2.9,10.5,190
draftkings,player_assists_alternate,Under,James Harden,1.36,10.5,-277
draftkings,player_assists_alternate,Under,Kawhi Leonard,5.75,1.5,475
draftkings,player_assists_alternate,Over,Kawhi Leonard,1.42,2.5,-238
draftkings,player_assists_alternate,Under,Kawhi Leonard,2.7,2.5,170
draftkings,player_assists_alternate,Over,Kawhi Leonard,5.5,5.5,450
draftkings,player_assists_alternate,Under,Mikal Bridges,6.0,1.5,500
draftkings,player_assists_alternate,Over,Mikal Bridges,1.39,2.5,-256
draftkings,player_assists_alternate,Under,Mikal Bridges,2.8,2.5,179
draftkings,player_assists_alternate,Over,Mikal Bridges,5.5,5.5,450
draftkings,player_assists_alternate,Under,Paul George,4.3,1.5,330
draftkings,player_assists_alternate,Over,Paul George,2.6,3.5,160
draftkings,player_assists_alternate,Under,Paul George,1.44,3.5,-227
draftkings,player_assists_alternate,Over,Paul George,9.0,5.5,800
draftkings,player_assists_alternate,Under,Spencer Dinwiddie,4.8,3.5,380
draftkings,player_assists_alternate,Over,Spencer Dinwiddie,2.4,6.5,140
draftkings,player_assists_alternate,Under,Spencer Dinwiddie,1.51,6.5,-196
draftkings,player_assists_alternate,Over,Cameron Johnson,8.5,4.5,750
draftkings,player_assists_alternate,Over,James Harden,1.37,7.5,-270
draftkings,player_assists_alternate,Over,James Harden,2.1,9.5,110
draftkings,player_assists_alternate,Over,James Harden,3.75,11.5,275
draftkings,player_assists_alternate,Over,Kawhi Leonard,3.2,4.5,220
draftkings,player_assists_alternate,Over,Mikal Bridges,3.1,4.5,210
draftkings,player_assists_alternate,Over,Paul George,4.7,4.5,370
draftkings,player_assists_alternate,Over,Spencer Dinwiddie,1.38,4.5,-263
draftkings,player_assists_alternate,Over,Spencer Dinwiddie,3.55,7.5,254
draftkings,player_assists_alternate,Over,Spencer Dinwiddie,9.5,9.5,850
draftkings,player_blocks,Over,Cameron Johnson,4.5,0.5,350
draftkings,player_blocks,Over,Dorian Finney Smith,2.3,0.5,129
draftkings,player_blocks,Under,Dorian Finney Smith,1.6,0.5,-166
draftkings,player_blocks,Over,James Harden,1.71,0.5,-140
draftkings,player_blocks,Under,James Harden,2.1,0.5,110
draftkings,player_blocks,Over,Kawhi Leonard,1.57,0.5,-175
draftkings,player_blocks,Under,Kawhi Leonard,2.35,0.5,135
draftkings,player_blocks,Over,Mikal Bridges,2.4,0.5,140
draftkings,player_blocks,Under,Mikal Bridges,1.56,0.5,-178
draftkings,player_blocks,Over,Nicolas Claxton,1.57,1.5,-175
draftkings,player_blocks,Under,Nicolas Claxton,2.35,1.5,135
draftkings,player_blocks,Over,Paul George,2.54,0.5,154
draftkings,player_blocks,Under,Paul George,1.5,0.5,-200
draftkings,player_blocks,Over,Spencer Dinwiddie,4.9,0.5,390
draftkings,player_blocks,Over,Terance Mann,4.0,0.5,300
draftkings,player_blocks_alternate,Over,Dorian Finney Smith,2.3,0.5,129
draftkings,player_blocks_alternate,Over,James Harden,1.71,0.5,-140
draftkings,player_blocks_alternate,Over,Kawhi Leonard,1.56,0.5,-178
draftkings,player_blocks_alternate,Over,Kawhi Leonard,3.65,1.5,265
draftkings,player_blocks_alternate,Over,Mikal Bridges,2.4,0.5,140
draftkings,player_blocks_alternate,Over,Nicolas Claxton,1.59,1.5,-169
draftkings,player_blocks_alternate,Over,Nicolas Claxton,2.7,2.5,170
draftkings,player_blocks_alternate,Over,Paul George,2.5,0.5,150
draftkings,player_blocks_alternate,Over,Terance Mann,4.0,0.5,300
draftkings,player_points,Over,Cameron Johnson,1.91,13.5,-109
draftkings,player_points,Under,Cameron Johnson,1.83,13.5,-120
draftkings,player_points,Over,Dorian Finney Smith,1.95,8.5,-105
draftkings,player_points,Under,Dorian Finney Smith,1.8,8.5,-125
draftkings,player_points,Over,James Harden,1.71,16.5,-140
draftkings,player_points,Under,James Harden,2.1,16.5,110
draftkings,player_points,Over,Kawhi Leonard,1.77,24.5,-129
draftkings,player_points,Under,Kawhi Leonard,2.0,24.5,100
draftkings,player_points,Over,Mikal Bridges,1.83,21.5,-120
draftkings,player_points,Under,Mikal Bridges,1.91,21.5,-109
draftkings,player_points,Over,Nicolas Claxton,1.95,13.5,-105
draftkings,player_points,Under,Nicolas Claxton,1.8,13.5,-125
draftkings,player_points,Over,Paul George,1.91,24.5,-109
draftkings,player_points,Under,Paul George,1.83,24.5,-120
draftkings,player_points,Over,Spencer Dinwiddie,1.95,12.5,-105
draftkings,player_points,Under,Spencer Dinwiddie,1.8,12.5,-125
draftkings,player_points,Over,Terance Mann,1.95,7.5,-105
draftkings,player_points,Under,Terance Mann,1.8,7.5,-125
draftkings,player_points_alternate,Over,Cameron Johnson,1.69,12.5,-144
draftkings,player_points_alternate,Under,Cameron Johnson,2.05,12.5,104
draftkings,player_points_alternate,Over,Cameron Johnson,2.45,15.5,145
draftkings,player_points_alternate,Under,Cameron Johnson,1.49,15.5,-204
draftkings,player_points_alternate,Over,Dorian Finney Smith,1.49,6.5,-204
draftkings,player_points_alternate,Under,Dorian Finney Smith,2.5,6.5,150
draftkings,player_points_alternate,Over,Dorian Finney Smith,2.65,10.5,165
draftkings,player_points_alternate,Under,Dorian Finney Smith,1.43,10.5,-232
draftkings,player_points_alternate,Over,James Harden,1.57,15.5,-175
draftkings,player_points_alternate,Under,James Harden,2.25,15.5,125
draftkings,player_points_alternate,Over,James Harden,2.2,18.5,120
draftkings,player_points_alternate,Under,James Harden,1.61,18.5,-163
draftkings,player_points_alternate,Over,Kawhi Leonard,1.56,22.5,-178
draftkings,player_points_alternate,Under,Kawhi Leonard,2.3,22.5,129
draftkings,player_points_alternate,Over,Kawhi Leonard,1.67,23.5,-149
draftkings,player_points_alternate,Under,Kawhi Leonard,2.1,23.5,110
draftkings,player_points_alternate,Over,Kawhi Leonard,2.0,25.5,100
draftkings,player_points_alternate,Under,Kawhi Leonard,1.74,25.5,-135
draftkings,player_points_alternate,Over,Kawhi Leonard,2.2,26.5,120
draftkings,player_points_alternate,Under,Kawhi Leonard,1.61,26.5,-163
draftkings,player_points_alternate,Over,Mikal Bridges,1.65,20.5,-153
draftkings,player_points_alternate,Under,Mikal Bridges,2.15,20.5,114
draftkings,player_points_alternate,Over,Mikal Bridges,1.95,22.5,-105
draftkings,player_points_alternate,Under,Mikal Bridges,1.74,22.5,-135
draftkings,player_points_alternate,Over,Mikal Bridges,2.2,23.5,120
draftkings,player_points_alternate,Under,Mikal Bridges,1.61,23.5,-163
draftkings,player_points_alternate,Over,Nicolas Claxton,1.71,12.5,-140
draftkings,player_points_alternate,Under,Nicolas Claxton,2.0,12.5,100
draftkings,player_points_alternate,Over,Nicolas Claxton,2.6,15.5,160
draftkings,player_points_alternate,Under,Nicolas Claxton,1.45,15.5,-222
draftkings,player_points_alternate,Over,Paul George,1.61,22.5,-163
draftkings,player_points_alternate,Under,Paul George,2.2,22.5,120
draftkings,player_points_alternate,Over,Paul George,1.74,23.5,-135
draftkings,player_points_alternate,Under,Paul George,2.0,23.5,100
draftkings,player_points_alternate,Over,Paul George,2.1,25.5,110
draftkings,player_points_alternate,Under,Paul George,1.67,25.5,-149
draftkings,player_points_alternate,Over,Paul George,2.3,26.5,129
draftkings,player_points_alternate,Under,Paul George,1.56,26.5,-178
draftkings,player_points_alternate,Over,Spencer Dinwiddie,1.5,10.5,-200
draftkings,player_points_alternate,Under,Spencer Dinwiddie,2.4,10.5,140
draftkings,player_points_alternate,Over,Spencer Dinwiddie,2.15,13.5,114
draftkings,player_points_alternate,Under,Spencer Dinwiddie,1.65,13.5,-153
draftkings,player_points_alternate,Over,Terance Mann,1.65,6.5,-153
draftkings,player_points_alternate,Under,Terance Mann,2.1,6.5,110
draftkings,player_points_alternate,Over,Terance Mann,2.35,8.5,135
draftkings,player_points_alternate,Under,Terance Mann,1.54,8.5,-185
draftkings,player_points_alternate,Over,Terance Mann,3.6,10.5,260
draftkings,player_points_alternate,Under,Terance Mann,1.26,10.5,-384
draftkings,player_points_alternate,Over,Cameron Johnson,1.29,9.5,-344
draftkings,player_points_alternate,Over,Cameron Johnson,1.53,11.5,-188
draftkings,player_points_alternate,Over,Cameron Johnson,2.15,14.5,114
draftkings,player_points_alternate,Over,Cameron Johnson,3.4,17.5,240
draftkings,player_points_alternate,Over,Cameron Johnson,4.9,19.5,390
draftkings,player_points_alternate,Over,Dorian Finney Smith,1.65,7.5,-153
draftkings,player_points_alternate,Over,Dorian Finney Smith,2.25,9.5,125
draftkings,player_points_alternate,Over,Dorian Finney Smith,3.3,11.5,229
draftkings,player_points_alternate,Over,James Harden,1.45,14.5,-222
draftkings,player_points_alternate,Over,James Harden,1.95,17.5,-105
draftkings,player_points_alternate,Over,James Harden,2.55,19.5,154
draftkings,player_points_alternate,Over,James Harden,5.5,24.5,450
draftkings,player_points_alternate,Over,Kawhi Leonard,1.28,19.5,-357
draftkings,player_points_alternate,Over,Kawhi Leonard,3.1,29.5,210
draftkings,player_points_alternate,Over,Kawhi Leonard,6.5,34.5,550
draftkings,player_points_alternate,Over,Mikal Bridges,1.32,17.5,-312
draftkings,player_points_alternate,Over,Mikal Bridges,1.51,19.5,-196
draftkings,player_points_alternate,Over,Mikal Bridges,2.45,24.5,145
draftkings,player_points_alternate,Over,Mikal Bridges,4.7,29.5,370
draftkings,player_points_alternate,Over,Nicolas Claxton,1.29,9.5,-344
draftkings,player_points_alternate,Over,Nicolas Claxton,1.54,11.5,-185
draftkings,player_points_alternate,Over,Nicolas Claxton,2.25,14.5,125
draftkings,player_points_alternate,Over,Nicolas Claxton,3.6,17.5,260
draftkings,player_points_alternate,Over,Nicolas Claxton,5.25,19.5,425
draftkings,player_points_alternate,Over,Paul George,1.33,19.5,-303
draftkings,player_points_alternate,Over,Paul George,3.2,29.5,220
draftkings,player_points_alternate,Over,Paul George,6.5,34.5,550
draftkings,player_points_alternate,Over,Spencer Dinwiddie,1.37,9.5,-270
draftkings,player_points_alternate,Over,Spencer Dinwiddie,1.67,11.5,-149
draftkings,player_points_alternate,Over,Spencer Dinwiddie,2.45,14.5,145
draftkings,player_points_alternate,Over,Spencer Dinwiddie,4.1,17.5,309
draftkings,player_points_alternate,Over,Terance Mann,2.85,9.5,185
draftkings,player_points_alternate,Over,Terance Mann,4.6,11.5,359
draftkings,player_rebounds,Over,Cameron Johnson,1.69,3.5,-144
draftkings,player_rebounds,Under,Cameron Johnson,2.14,3.5,114
draftkings,player_rebounds,Over,Dorian Finney Smith,2.05,4.5,104
draftkings,player_rebounds,Under,Dorian Finney Smith,1.74,4.5,-135
draftkings,player_rebounds,Over,James Harden,2.2,5.5,120
draftkings,player_rebounds,Under,James Harden,1.67,5.5,-149
draftkings,player_rebounds,Over,Kawhi Leonard,1.87,6.5,-114
draftkings,player_rebounds,Under,Kawhi Leonard,1.87,6.5,-114
draftkings,player_rebounds,Over,Mikal Bridges,1.91,4.5,-109
draftkings,player_rebounds,Under,Mikal Bridges,1.83,4.5,-120
draftkings,player_rebounds,Over,Nicolas Claxton,1.83,11.5,-120
draftkings,player_rebounds,Under,Nicolas Claxton,1.91,11.5,-109
draftkings,player_rebounds,Over,Paul George,1.71,5.5,-140
draftkings,player_rebounds,Under,Paul George,2.1,5.5,110
draftkings,player_rebounds,Over,Spencer Dinwiddie,1.69,2.5,-144
draftkings,player_rebounds,Under,Spencer Dinwiddie,2.14,2.5,114
draftkings,player_rebounds,Over,Terance Mann,2.2,3.5,120
draftkings,player_rebounds,Under,Terance Mann,1.67,3.5,-149
draftkings,player_rebounds_alternate,Under,Cameron Johnson,8.0,1.5,700
draftkings,player_rebounds_alternate,Over,Cameron Johnson,1.28,2.5,-357
draftkings,player_rebounds_alternate,Under,Cameron Johnson,3.5,2.5,250
draftkings,player_rebounds_alternate,Over,Cameron Johnson,3.85,5.5,285
draftkings,player_rebounds_alternate,Under,Dorian Finney Smith,4.5,2.5,350
draftkings,player_rebounds_alternate,Over,Dorian Finney Smith,1.48,3.5,-208
draftkings,player_rebounds_alternate,Under,Dorian Finney Smith,2.5,3.5,150
draftkings,player_rebounds_alternate,Over,Dorian Finney Smith,3.0,5.5,200
draftkings,player_rebounds_alternate,Under,Dorian Finney Smith,1.35,5.5,-285
draftkings,player_rebounds_alternate,Over,Dorian Finney Smith,4.8,6.5,380
draftkings,player_rebounds_alternate,Over,James Harden,1.28,3.5,-357
draftkings,player_rebounds_alternate,Under,James Harden,3.45,3.5,245
draftkings,player_rebounds_alternate,Over,James Harden,3.15,6.5,215
draftkings,player_rebounds_alternate,Under,James Harden,1.32,6.5,-312
draftkings,player_rebounds_alternate,Over,Kawhi Leonard,1.45,5.5,-222
draftkings,player_rebounds_alternate,Under,Kawhi Leonard,2.55,5.5,154
draftkings,player_rebounds_alternate,Over,Kawhi Leonard,3.6,8.5,260
draftkings,player_rebounds_alternate,Under,Kawhi Leonard,1.26,8.5,-384
draftkings,player_rebounds_alternate,Under,Mikal Bridges,4.9,2.5,390
draftkings,player_rebounds_alternate,Over,Mikal Bridges,1.41,3.5,-243
draftkings,player_rebounds_alternate,Under,Mikal Bridges,2.75,3.5,175
draftkings,player_rebounds_alternate,Over,Mikal Bridges,2.75,5.5,175
draftkings,player_rebounds_alternate,Under,Mikal Bridges,1.4,5.5,-250
draftkings,player_rebounds_alternate,Over,Mikal Bridges,4.3,6.5,330
draftkings,player_rebounds_alternate,Over,Nicolas Claxton,1.57,10.5,-175
draftkings,player_rebounds_alternate,Under,Nicolas Claxton,2.25,10.5,125
draftkings,player_rebounds_alternate,Over,Nicolas Claxton,2.35,12.5,135
draftkings,player_rebounds_alternate,Under,Nicolas Claxton,1.54,12.5,-185
draftkings,player_rebounds_alternate,Over,Nicolas Claxton,3.0,13.5,200
draftkings,player_rebounds_alternate,Under,Nicolas Claxton,1.35,13.5,-285
draftkings,player_rebounds_alternate,Under,Paul George,4.9,3.5,390
draftkings,player_rebounds_alternate,Over,Paul George,2.35,6.5,135
draftkings,player_rebounds_alternate,Under,Paul George,1.54,6.5,-185
draftkings,player_rebounds_alternate,Under,Spencer Dinwiddie,4.1,1.5,309
draftkings,player_rebounds_alternate,Over,Spencer Dinwiddie,2.6,3.5,160
draftkings,player_rebounds_alternate,Under,Spencer Dinwiddie,1.44,3.5,-227
draftkings,player_rebounds_alternate,Over,Spencer Dinwiddie,9.0,5.5,800
draftkings,player_rebounds_alternate,Under,Terance Mann,5.0,1.5,400
draftkings,player_rebounds_alternate,Over,Terance Mann,1.49,2.5,-204
draftkings,player_rebounds_alternate,Under,Terance Mann,2.45,2.5,145
draftkings,player_rebounds_alternate,Over,Terance Mann,6.0,5.5,500
draftkings,player_rebounds_alternate,Over,Cameron Johnson,2.45,4.5,145
draftkings,player_rebounds_alternate,Over,Cameron Johnson,12.0,7.5,1100
draftkings,player_rebounds_alternate,Over,Dorian Finney Smith,8.5,7.5,750
draftkings,player_rebounds_alternate,Over,James Harden,1.59,4.5,-169
draftkings,player_rebounds_alternate,Over,James Harden,5.0,7.5,400
draftkings,player_rebounds_alternate,Over,Kawhi Leonard,2.5,7.5,150
draftkings,player_rebounds_alternate,Over,Kawhi Leonard,5.5,9.5,450
draftkings,player_rebounds_alternate,Over,Kawhi Leonard,14.0,11.5,1300
draftkings,player_rebounds_alternate,Over,Mikal Bridges,7.5,7.5,650
draftkings,player_rebounds_alternate,Over,Nicolas Claxton,1.34,9.5,-294
draftkings,player_rebounds_alternate,Over,Nicolas Claxton,3.95,14.5,295
draftkings,player_rebounds_alternate,Over,Paul George,1.36,4.5,-277
draftkings,player_rebounds_alternate,Over,Paul George,3.4,7.5,240
draftkings,player_rebounds_alternate,Over,Paul George,8.5,9.5,750
draftkings,player_rebounds_alternate,Over,Spencer Dinwiddie,4.6,4.5,359
draftkings,player_rebounds_alternate,Over,Terance Mann,3.45,4.5,245
draftkings,player_steals,Over,Cameron Johnson,1.56,0.5,-178
draftkings,player_steals,Under,Cameron Johnson,2.4,0.5,140
draftkings,player_steals,Over,Dorian Finney Smith,1.5,0.5,-200
draftkings,player_steals,Under,Dorian Finney Smith,2.54,0.5,154
draftkings,player_steals,Over,James Harden,1.6,0.5,-166
draftkings,player_steals,Under,James Harden,2.3,0.5,129
draftkings,player_steals,Over,Kawhi Leonard,1.91,1.5,-109
draftkings,player_steals,Under,Kawhi Leonard,1.83,1.5,-120
draftkings,player_steals,Over,Mikal Bridges,1.57,0.5,-175
draftkings,player_steals,Under,Mikal Bridges,2.35,0.5,135
draftkings,player_steals,Over,Nicolas Claxton,1.62,0.5,-161
draftkings,player_steals,Under,Nicolas Claxton,2.24,0.5,124
draftkings,player_steals,Over,Paul George,2.35,1.5,135
draftkings,player_steals,Under,Paul George,1.57,1.5,-175
draftkings,player_steals,Over,Spencer Dinwiddie,1.67,0.5,-149
draftkings,player_steals,Under,Spencer Dinwiddie,2.2,0.5,120
draftkings,player_steals,Over,Terance Mann,2.3,0.5,129
draftkings,player_steals,Under,Terance Mann,1.6,0.5,-166
draftkings,player_steals_alternate,Over,Cameron Johnson,1.54,0.5,-185
draftkings,player_steals_alternate,Over,Cameron Johnson,3.55,1.5,254
draftkings,player_steals_alternate,Over,Dorian Finney Smith,1.5,0.5,-200
draftkings,player_steals_alternate,Over,Dorian Finney Smith,3.35,1.5,235
draftkings,player_steals_alternate,Over,James Harden,1.61,0.5,-163
draftkings,player_steals_alternate,Over,James Harden,3.9,1.5,290
draftkings,player_steals_alternate,Over,Kawhi Leonard,1.91,1.5,-109
draftkings,player_steals_alternate,Over,Kawhi Leonard,3.95,2.5,295
draftkings,player_steals_alternate,Over,Mikal Bridges,1.56,0.5,-178
draftkings,player_steals_alternate,Over,Mikal Bridges,3.6,1.5,260
draftkings,player_steals_alternate,Over,Nicolas Claxton,1.62,0.5,-161
draftkings,player_steals_alternate,Over,Nicolas Claxton,4.0,1.5,300
draftkings,player_steals_alternate,Over,Paul George,1.32,0.5,-312
draftkings,player_steals_alternate,Over,Paul George,2.4,1.5,140
draftkings,player_steals_alternate,Over,Spencer Dinwiddie,1.65,0.5,-153
draftkings,player_steals_alternate,Over,Spencer Dinwiddie,4.1,1.5,309
draftkings,player_steals_alternate,Over,Terance Mann,2.3,0.5,129
draftkings,player_threes,Over,Cameron Johnson,2.05,2.5,104
draftkings,player_threes,Under,Cameron Johnson,1.74,2.5,-135
draftkings,player_threes,Over,Dorian Finney Smith,1.77,1.5,-129
draftkings,player_threes,Under,Dorian Finney Smith,2.0,1.5,100
draftkings,player_threes,Over,James Harden,2.05,2.5,104
draftkings,player_threes,Under,James Harden,1.74,2.5,-135
draftkings,player_threes,Over,Kawhi Leonard,2.45,2.5,145
draftkings,player_threes,Under,Kawhi Leonard,1.53,2.5,-188
draftkings,player_threes,Over,Mikal Bridges,1.87,2.5,-114
draftkings,player_threes,Under,Mikal Bridges,1.87,2.5,-114
draftkings,player_threes,Over,Paul George,1.87,3.5,-114
draftkings,player_threes,Under,Paul George,1.87,3.5,-114
draftkings,player_threes,Over,Spencer Dinwiddie,1.62,1.5,-161
draftkings,player_threes,Under,Spencer Dinwiddie,2.24,1.5,124
draftkings,player_threes,Over,Terance Mann,1.45,0.5,-222
draftkings,player_threes,Under,Terance Mann,2.7,0.5,170
draftkings,player_threes_alternate,Over,Cameron Johnson,1.33,1.5,-303
draftkings,player_threes_alternate,Over,Cameron Johnson,3.5,3.5,250
draftkings,player_threes_alternate,Over,Dorian Finney Smith,3.2,2.5,220
draftkings,player_threes_alternate,Over,James Harden,1.33,1.5,-303
draftkings,player_threes_alternate,Over,James Harden,3.4,3.5,240
draftkings,player_threes_alternate,Over,Kawhi Leonard,1.45,1.5,-222
draftkings,player_threes_alternate,Over,Kawhi Leonard,4.4,3.5,340
draftkings,player_threes_alternate,Over,Mikal Bridges,1.28,1.5,-357
draftkings,player_threes_alternate,Over,Mikal Bridges,2.9,3.5,190
draftkings,player_threes_alternate,Over,Paul George,1.34,2.5,-294
draftkings,player_threes_alternate,Over,Paul George,2.75,4.5,175
draftkings,player_threes_alternate,Over,Paul George,4.5,5.5,350
draftkings,player_threes_alternate,Over,Spencer Dinwiddie,2.7,2.5,170
draftkings,player_threes_alternate,Over,Terance Mann,2.95,1.5,195
draftkings,player_turnovers,Over,Cameron Johnson,1.43,0.5,-232
draftkings,player_turnovers,Under,Cameron Johnson,2.75,0.5,175
draftkings,player_turnovers,Over,Dorian Finney Smith,1.74,0.5,-135
draftkings,player_turnovers,Under,Dorian Finney Smith,2.05,0.5,104
draftkings,player_turnovers,Over,James Harden,1.67,2.5,-149
draftkings,player_turnovers,Under,James Harden,2.2,2.5,120
draftkings,player_turnovers,Over,Kawhi Leonard,2.1,1.5,110
draftkings,player_turnovers,Under,Kawhi Leonard,1.71,1.5,-140
draftkings,player_turnovers,Over,Mikal Bridges,2.05,2.5,104
draftkings,player_turnovers,Under,Mikal Bridges,1.74,2.5,-135
draftkings,player_turnovers,Over,Nicolas Claxton,2.45,1.5,145
draftkings,player_turnovers,Under,Nicolas Claxton,1.53,1.5,-188
draftkings,player_turnovers,Over,Paul George,1.77,1.5,-129
draftkings,player_turnovers,Under,Paul George,2.0,1.5,100
draftkings,player_turnovers,Over,Spencer Dinwiddie,2.5,1.5,150
draftkings,player_turnovers,Under,Spencer Dinwiddie,1.51,1.5,-196
draftkings,player_turnovers,Over,Terance Mann,1.83,0.5,-120
draftkings,player_turnovers,Under,Terance Mann,1.91,0.5,-109
draftkings,player_assists,Over,Aaron Gordon,2.1,3.5,110
draftkings,player_assists,Under,Aaron Gordon,1.71,3.5,-140
draftkings,player_assists,Over,Deni Avdija,1.67,3.5,-149
draftkings,player_assists,Under,Deni Avdija,2.2,3.5,120
draftkings,player_assists,Over,Jamal Murray,1.87,7.5,-114
draftkings,player_assists,Under,Jamal Murray,1.87,7.5,-114
draftkings,player_assists,Over,Jordan Poole,2.1,3.5,110
draftkings,player_assists,Under,Jordan Poole,1.71,3.5,-140
draftkings,player_assists,Over,Kentavious Caldwell Pope,2.24,2.5,124
draftkings,player_assists,Under,Kentavious Caldwell Pope,1.62,2.5,-161
draftkings,player_assists,Over,Kyle Kuzma,2.24,4.5,124
draftkings,player_assists,Under,Kyle Kuzma,1.62,4.5,-161
draftkings,player_assists,Over,Nikola Jokic,1.69,8.5,-144
draftkings,player_assists,Under,Nikola Jokic,2.14,8.5,114
draftkings,player_assists,Over,Tyus Jones,1.71,5.5,-140
draftkings,player_assists,Under,Tyus Jones,2.1,5.5,110
draftkings,player_assists_alternate,Under,Aaron Gordon,5.75,1.5,475
draftkings,player_assists_alternate,Over,Aaron Gordon,1.43,2.5,-232
draftkings,player_assists_alternate,Under,Aaron Gordon,2.65,2.5,165
draftkings,player_assists_alternate,Over,Aaron Gordon,5.75,5.5,475
draftkings,player_assists_alternate,Under,Deni Avdija,8.0,1.5,700
draftkings,player_assists_alternate,Over,Deni Avdija,1.26,2.5,-384
draftkings,player_assists_alternate,Under,Deni Avdija,3.6,2.5,260
draftkings,player_assists_alternate,Over,Deni Avdija,3.75,5.5,275
draftkings,player_assists_alternate,Over,Jamal Murray,1.29,5.5,-344
draftkings,player_assists_alternate,Under,Jamal Murray,3.45,5.5,245
draftkings,player_assists_alternate,Over,Jamal Murray,1.53,6.5,-188
draftkings,player_assists_alternate,Under,Jamal Murray,2.35,6.5,135
draftkings,player_assists_alternate,Over,Jamal Murray,2.6,8.5,160
draftkings,player_assists_alternate,Under,Jamal Murray,1.45,8.5,-222
draftkings,player_assists_alternate,Under,Jordan Poole,5.0,1.5,400
draftkings,player_assists_alternate,Over,Jordan Poole,1.49,2.5,-204
draftkings,player_assists_alternate,Under,Jordan Poole,2.5,2.5,150
draftkings,player_assists_alternate,Over,Jordan Poole,6.5,5.5,550
draftkings,player_assists_alternate,Over,Kentavious Caldwell Pope,1.42,1.5,-238
draftkings,player_assists_alternate,Under,Kentavious Caldwell Pope,2.7,1.5,170
draftkings,player_assists_alternate,Over,Kentavious Caldwell Pope,4.1,3.5,309
draftkings,player_assists_alternate,Under,Kyle Kuzma,4.1,2.5,309
draftkings,player_assists_alternate,Over,Kyle Kuzma,1.54,3.5,-185
draftkings,player_assists_alternate,Under,Kyle Kuzma,2.35,3.5,135
draftkings,player_assists_alternate,Over,Kyle Kuzma,3.3,5.5,229
draftkings,player_assists_alternate,Under,Kyle Kuzma,1.3,5.5,-333
draftkings,player_assists_alternate,Over,Kyle Kuzma,5.5,6.5,450
draftkings,player_assists_alternate,Under,Nikola Jokic,4.7,6.5,370
draftkings,player_assists_alternate,Over,Nikola Jokic,2.55,10.5,154
draftkings,player_assists_alternate,Under,Nikola Jokic,1.47,10.5,-212
draftkings,player_assists_alternate,Under,Tyus Jones,5.0,3.5,400
draftkings,player_assists_alternate,Over,Tyus Jones,2.3,6.5,129
draftkings,player_assists_alternate,Under,Tyus Jones,1.56,6.5,-178
draftkings,player_assists_alternate,Over,Aaron Gordon,3.35,4.5,235
draftkings,player_assists_alternate,Over,Deni Avdija,2.35,4.5,135
draftkings,player_assists_alternate,Over,Deni Avdija,12.0,7.5,1100
draftkings,player_assists_alternate,Over,Jamal Murray,3.4,9.5,240
draftkings,player_assists_alternate,Over,Jamal Murray,7.5,11.5,650
draftkings,player_assists_alternate,Over,Jordan Poole,3.55,4.5,254
draftkings,player_assists_alternate,Over,Kentavious Caldwell Pope,8.5,4.5,750
draftkings,player_assists_alternate,Over,Kyle Kuzma,10.0,7.5,900
draftkings,player_assists_alternate,Over,Nikola Jokic,1.38,7.5,-263
draftkings,player_assists_alternate,Over,Nikola Jokic,2.05,9.5,104
draftkings,player_assists_alternate,Over,Nikola Jokic,3.8,11.5,280
draftkings,player_assists_alternate,Over,Tyus Jones,1.36,4.5,-277
draftkings,player_assists_alternate,Over,Tyus Jones,3.35,7.5,235
draftkings,player_assists_alternate,Over,Tyus Jones,8.5,9.5,750
draftkings,player_blocks,Over,Aaron Gordon,2.3,0.5,129
draftkings,player_blocks,Under,Aaron Gordon,1.6,0.5,-166
draftkings,player_blocks,Over,Deni Avdija,2.45,0.5,145
draftkings,player_blocks,Under,Deni Avdija,1.53,0.5,-188
draftkings,player_blocks,Over,Jamal Murray,2.14,0.5,114
draftkings,player_blocks,Under,Jamal Murray,1.69,0.5,-144
draftkings,player_blocks,Over,Jordan Poole,3.9,0.5,290
draftkings,player_blocks,Over,Kentavious Caldwell Pope,2.2,0.5,120
draftkings,player_blocks,Under,Kentavious Caldwell Pope,1.67,0.5,-149
draftkings,player_blocks,Over,Kyle Kuzma,2.54,0.5,154
draftkings,player_blocks,Under,Kyle Kuzma,1.5,0.5,-200
draftkings,player_blocks,Over,Michael Porter Jr ,1.71,0.5,-140
draftkings,player_blocks,Under,Michael Porter Jr ,2.1,0.5,110
draftkings,player_blocks,Over,Nikola Jokic,1.48,0.5,-208
draftkings,player_blocks,Under,Nikola Jokic,2.6,0.5,160
draftkings,player_blocks,Over,Tyus Jones,3.3,0.5,229
draftkings,player_blocks,Under,Tyus Jones,1.32,0.5,-312
draftkings,player_blocks_alternate,Over,Aaron Gordon,2.3,0.5,129
draftkings,player_blocks_alternate,Over,Deni Avdija,2.45,0.5,145
draftkings,player_blocks_alternate,Over,Jamal Murray,2.1,0.5,110
draftkings,player_blocks_alternate,Over,Jordan Poole,3.9,0.5,290
draftkings,player_blocks_alternate,Over,Kentavious Caldwell Pope,2.2,0.5,120
draftkings,player_blocks_alternate,Over,Kyle Kuzma,2.6,0.5,160
draftkings,player_blocks_alternate,Over,Michael Porter Jr ,1.71,0.5,-140
draftkings,player_blocks_alternate,Over,Nikola Jokic,1.48,0.5,-208
draftkings,player_blocks_alternate,Over,Nikola Jokic,3.2,1.5,220
draftkings,player_blocks_alternate,Over,Tyus Jones,3.3,0.5,229
draftkings,player_points,Over,Aaron Gordon,1.87,15.5,-114
draftkings,player_points,Under,Aaron Gordon,1.87,15.5,-114
draftkings,player_points,Over,Deni Avdija,1.91,13.5,-109
draftkings,player_points,Under,Deni Avdija,1.83,13.5,-120
draftkings,player_points,Over,Jamal Murray,1.74,24.5,-135
draftkings,player_points,Under,Jamal Murray,2.05,24.5,104
draftkings,player_points,Over,Jordan Poole,1.95,17.5,-105
draftkings,player_points,Under,Jordan Poole,1.8,17.5,-125
draftkings,player_points,Over,Kentavious Caldwell Pope,2.0,10.5,100
draftkings,player_points,Under,Kentavious Caldwell Pope,1.77,10.5,-129
draftkings,player_points,Over,Kyle Kuzma,1.71,18.5,-140
draftkings,player_points,Under,Kyle Kuzma,2.1,18.5,110
draftkings,player_points,Over,Michael Porter Jr ,1.83,16.5,-120
draftkings,player_points,Under,Michael Porter Jr ,1.91,16.5,-109
draftkings,player_points,Over,Nikola Jokic,1.87,26.5,-114
draftkings,player_points,Under,Nikola Jokic,1.87,26.5,-114
draftkings,player_points,Over,Tyus Jones,1.95,11.5,-105
draftkings,player_points,Under,Tyus Jones,1.8,11.5,-125
draftkings,player_points_alternate,Over,Aaron Gordon,1.51,13.5,-196
draftkings,player_points_alternate,Under,Aaron Gordon,2.4,13.5,140
draftkings,player_points_alternate,Over,Aaron Gordon,2.1,16.5,110
draftkings,player_points_alternate,Under,Aaron Gordon,1.65,16.5,-153
draftkings,player_points_alternate,Over,Deni Avdija,1.67,12.5,-149
draftkings,player_points_alternate,Under,Deni Avdija,2.1,12.5,110
draftkings,player_points_alternate,Over,Deni Avdija,2.5,15.5,150
draftkings,player_points_alternate,Under,Deni Avdija,1.48,15.5,-208
draftkings,player_points_alternate,Over,Jamal Murray,1.5,22.5,-200
draftkings,player_points_alternate,Under,Jamal Murray,2.4,22.5,140
draftkings,player_points_alternate,Over,Jamal Murray,1.62,23.5,-161
draftkings,player_points_alternate,Under,Jamal Murray,2.15,23.5,114
draftkings,player_points_alternate,Over,Jamal Murray,1.87,25.5,-114
draftkings,player_points_alternate,Under,Jamal Murray,1.83,25.5,-120
draftkings,player_points_alternate,Over,Jamal Murray,2.05,26.5,104
draftkings,player_points_alternate,Under,Jamal Murray,1.69,26.5,-144
draftkings,player_points_alternate,Over,Jordan Poole,1.54,15.5,-185
draftkings,player_points_alternate,Under,Jordan Poole,2.35,15.5,135
draftkings,player_points_alternate,Over,Jordan Poole,1.69,16.5,-144
draftkings,player_points_alternate,Under,Jordan Poole,2.05,16.5,104
draftkings,player_points_alternate,Over,Jordan Poole,2.1,18.5,110
draftkings,player_points_alternate,Under,Jordan Poole,1.67,18.5,-149
draftkings,player_points_alternate,Over,Kentavious Caldwell Pope,1.53,8.5,-188
draftkings,player_points_alternate,Under,Kentavious Caldwell Pope,2.35,8.5,135
draftkings,player_points_alternate,Over,Kentavious Caldwell Pope,2.7,12.5,170
draftkings,player_points_alternate,Under,Kentavious Caldwell Pope,1.42,12.5,-238
draftkings,player_points_alternate,Over,Kyle Kuzma,1.47,16.5,-212
draftkings,player_points_alternate,Under,Kyle Kuzma,2.55,16.5,154
draftkings,player_points_alternate,Over,Kyle Kuzma,2.1,20.5,110
draftkings,player_points_alternate,Under,Kyle Kuzma,1.65,20.5,-153
draftkings,player_points_alternate,Over,Michael Porter Jr ,1.71,15.5,-140
draftkings,player_points_alternate,Under,Michael Porter Jr ,2.0,15.5,100
draftkings,player_points_alternate,Over,Michael Porter Jr ,2.4,18.5,140
draftkings,player_points_alternate,Under,Michael Porter Jr ,1.5,18.5,-200
draftkings,player_points_alternate,Over,Nikola Jokic,1.69,25.5,-144
draftkings,player_points_alternate,Under,Nikola Jokic,2.05,25.5,104
draftkings,player_points_alternate,Over,Nikola Jokic,2.0,27.5,100
draftkings,player_points_alternate,Under,Nikola Jokic,1.71,27.5,-140
draftkings,player_points_alternate,Over,Nikola Jokic,2.2,28.5,120
draftkings,player_points_alternate,Under,Nikola Jokic,1.61,28.5,-163
draftkings,player_points_alternate,Over,Tyus Jones,1.69,10.5,-144
draftkings,player_points_alternate,Under,Tyus Jones,2.05,10.5,104
draftkings,player_points_alternate,Over,Tyus Jones,2.25,12.5,125
draftkings,player_points_alternate,Under,Tyus Jones,1.57,12.5,-175
draftkings,player_points_alternate,Over,Tyus Jones,2.65,13.5,165
draftkings,player_points_alternate,Under,Tyus Jones,1.43,13.5,-232
draftkings,player_points_alternate,Over,Aaron Gordon,1.27,11.5,-370
draftkings,player_points_alternate,Over,Aaron Gordon,1.67,14.5,-149
draftkings,player_points_alternate,Over,Aaron Gordon,2.45,17.5,145
draftkings,player_points_alternate,Over,Aaron Gordon,3.3,19.5,229
draftkings,player_points_alternate,Over,Deni Avdija,1.26,9.5,-384
draftkings,player_points_alternate,Over,Deni Avdija,1.5,11.5,-200
draftkings,player_points_alternate,Over,Deni Avdija,2.2,14.5,120
draftkings,player_points_alternate,Over,Deni Avdija,3.55,17.5,254
draftkings,player_points_alternate,Over,Deni Avdija,5.25,19.5,425
draftkings,player_points_alternate,Over,Jamal Murray,1.27,19.5,-370
draftkings,player_points_alternate,Over,Jamal Murray,2.9,29.5,190
draftkings,player_points_alternate,Over,Jamal Murray,5.75,34.5,475
draftkings,player_points_alternate,Over,Jordan Poole,1.42,14.5,-238
draftkings,player_points_alternate,Over,Jordan Poole,2.35,19.5,135
draftkings,player_points_alternate,Over,Jordan Poole,5.0,24.5,400
draftkings,player_points_alternate,Over,Kentavious Caldwell Pope,1.38,7.5,-263
draftkings,player_points_alternate,Over,Kentavious Caldwell Pope,1.71,9.5,-140
draftkings,player_points_alternate,Over,Kentavious Caldwell Pope,2.3,11.5,129
draftkings,player_points_alternate,Over,Kentavious Caldwell Pope,3.9,14.5,290
draftkings,player_points_alternate,Over,Kyle Kuzma,1.29,14.5,-344
draftkings,player_points_alternate,Over,Kyle Kuzma,1.59,17.5,-169
draftkings,player_points_alternate,Over,Kyle Kuzma,1.91,19.5,-109
draftkings,player_points_alternate,Over,Kyle Kuzma,3.55,24.5,254
draftkings,player_points_alternate,Over,Michael Porter Jr ,1.56,14.5,-178
draftkings,player_points_alternate,Over,Michael Porter Jr ,2.15,17.5,114
draftkings,player_points_alternate,Over,Michael Porter Jr ,2.8,19.5,179
draftkings,player_points_alternate,Over,Michael Porter Jr ,6.0,24.5,500
draftkings,player_points_alternate,Over,Nikola Jokic,1.57,24.5,-175
draftkings,player_points_alternate,Over,Nikola Jokic,2.45,29.5,145
draftkings,player_points_alternate,Over,Nikola Jokic,4.7,34.5,370
draftkings,player_points_alternate,Over,Tyus Jones,1.26,7.5,-384
draftkings,player_points_alternate,Over,Tyus Jones,1.5,9.5,-200
draftkings,player_points_alternate,Over,Tyus Jones,3.2,14.5,220
draftkings,player_points_alternate,Over,Tyus Jones,6.0,17.5,500
draftkings,player_rebounds,Over,Aaron Gordon,1.8,6.5,-125
draftkings,player_rebounds,Under,Aaron Gordon,1.95,6.5,-105
draftkings,player_rebounds,Over,Deni Avdija,1.95,5.5,-105
draftkings,player_rebounds,Under,Deni Avdija,1.8,5.5,-125
draftkings,player_rebounds,Over,Jamal Murray,1.62,3.5,-161
draftkings,player_rebounds,Under,Jamal Murray,2.24,3.5,124
draftkings,player_rebounds,Over,Jordan Poole,2.24,2.5,124
draftkings,player_rebounds,Under,Jordan Poole,1.57,2.5,-175
draftkings,player_rebounds,Over,Kentavious Caldwell Pope,2.35,3.5,135
draftkings,player_rebounds,Under,Kentavious Caldwell Pope,1.57,3.5,-175
draftkings,player_rebounds,Over,Kyle Kuzma,1.95,6.5,-105
draftkings,player_rebounds,Under,Kyle Kuzma,1.8,6.5,-125
draftkings,player_rebounds,Over,Michael Porter Jr ,1.74,6.5,-135
draftkings,player_rebounds,Under,Michael Porter Jr ,2.05,6.5,104
draftkings,player_rebounds,Over,Nikola Jokic,1.67,11.5,-149
draftkings,player_rebounds,Under,Nikola Jokic,2.2,11.5,120
draftkings,player_rebounds,Over,Tyus Jones,2.0,2.5,100
draftkings,player_rebounds,Under,Tyus Jones,1.77,2.5,-129
draftkings,player_rebounds_alternate,Over,Aaron Gordon,1.43,5.5,-232
draftkings,player_rebounds_alternate,Under,Aaron Gordon,2.7,5.5,170
draftkings,player_rebounds_alternate,Over,Aaron Gordon,3.3,8.5,229
draftkings,player_rebounds_alternate,Under,Aaron Gordon,1.3,8.5,-333
draftkings,player_rebounds_alternate,Under,Deni Avdija,3.8,3.5,280
draftkings,player_rebounds_alternate,Over,Deni Avdija,2.9,6.5,190
draftkings,player_rebounds_alternate,Under,Deni Avdija,1.37,6.5,-270
draftkings,player_rebounds_alternate,Under,Jamal Murray,8.5,1.5,750
draftkings,player_rebounds_alternate,Under,Jamal Murray,3.7,2.5,270
draftkings,player_rebounds_alternate,Over,Jamal Murray,3.6,5.5,260
draftkings,player_rebounds_alternate,Under,Jamal Murray,1.26,5.5,-384
draftkings,player_rebounds_alternate,Over,Jordan Poole,1.45,1.5,-222
draftkings,player_rebounds_alternate,Under,Jordan Poole,2.6,1.5,160
draftkings,player_rebounds_alternate,Over,Jordan Poole,4.4,3.5,340
draftkings,player_rebounds_alternate,Under,Kentavious Caldwell Pope,4.5,1.5,350
draftkings,player_rebounds_alternate,Over,Kentavious Caldwell Pope,1.56,2.5,-178
draftkings,player_rebounds_alternate,Under,Kentavious Caldwell Pope,2.3,2.5,129
draftkings,player_rebounds_alternate,Over,Kentavious Caldwell Pope,7.5,5.5,650
draftkings,player_rebounds_alternate,Over,Kyle Kuzma,1.54,5.5,-185
draftkings,player_rebounds_alternate,Under,Kyle Kuzma,2.3,5.5,129
draftkings,player_rebounds_alternate,Over,Kyle Kuzma,3.9,8.5,290
draftkings,player_rebounds_alternate,Over,Michael Porter Jr ,1.43,5.5,-232
draftkings,player_rebounds_alternate,Under,Michael Porter Jr ,2.65,5.5,165
draftkings,player_rebounds_alternate,Over,Michael Porter Jr ,3.4,8.5,240
draftkings,player_rebounds_alternate,Under,Michael Porter Jr ,1.29,8.5,-344
draftkings,player_rebounds_alternate,Over,Nikola Jokic,1.45,10.5,-222
draftkings,player_rebounds_alternate,Under,Nikola Jokic,2.6,10.5,160
draftkings,player_rebounds_alternate,Over,Nikola Jokic,2.05,12.5,104
draftkings,player_rebounds_alternate,Under,Nikola Jokic,1.67,12.5,-149
draftkings,player_rebounds_alternate,Over,Nikola Jokic,2.6,13.5,160
draftkings,player_rebounds_alternate,Under,Nikola Jokic,1.44,13.5,-227
draftkings,player_rebounds_alternate,Over,Tyus Jones,1.34,1.5,-294
draftkings,player_rebounds_alternate,Under,Tyus Jones,3.1,1.5,210
draftkings,player_rebounds_alternate,Over,Tyus Jones,3.4,3.5,240
draftkings,player_rebounds_alternate,Under,Tyus Jones,1.29,3.5,-344
draftkings,player_rebounds_alternate,Over,Aaron Gordon,2.35,7.5,135
draftkings,player_rebounds_alternate,Over,Aaron Gordon,4.9,9.5,390
draftkings,player_rebounds_alternate,Over,Aaron Gordon,12.0,11.5,1100
draftkings,player_rebounds_alternate,Over,Deni Avdija,1.53,4.5,-188
draftkings,player_rebounds_alternate,Over,Deni Avdija,4.5,7.5,350
draftkings,player_rebounds_alternate,Over,Deni Avdija,13.0,9.5,1200
draftkings,player_rebounds_alternate,Over,Jamal Murray,2.3,4.5,129
draftkings,player_rebounds_alternate,Over,Jamal Murray,11.0,7.5,1000
draftkings,player_rebounds_alternate,Over,Jordan Poole,9.5,4.5,850
draftkings,player_rebounds_alternate,Over,Kentavious Caldwell Pope,3.85,4.5,285
draftkings,player_rebounds_alternate,Over,Kyle Kuzma,1.28,4.5,-357
draftkings,player_rebounds_alternate,Over,Kyle Kuzma,2.8,7.5,179
draftkings,player_rebounds_alternate,Over,Kyle Kuzma,6.0,9.5,500
draftkings,player_rebounds_alternate,Over,Michael Porter Jr ,2.4,7.5,140
draftkings,player_rebounds_alternate,Over,Michael Porter Jr ,5.25,9.5,425
draftkings,player_rebounds_alternate,Over,Michael Porter Jr ,13.0,11.5,1200
draftkings,player_rebounds_alternate,Over,Nikola Jokic,3.1,14.5,210
draftkings,player_rebounds_alternate,Over,Tyus Jones,6.5,4.5,550
draftkings,player_steals,Over,Aaron Gordon,1.62,0.5,-161
draftkings,player_steals,Under,Aaron Gordon,2.24,0.5,124
draftkings,player_steals,Over,Deni Avdija,1.69,0.5,-144
draftkings,player_steals,Under,Deni Avdija,2.14,0.5,114
draftkings,player_steals,Over,Jamal Murray,2.8,1.5,179
draftkings,player_steals,Under,Jamal Murray,1.42,1.5,-238
draftkings,player_steals,Over,Jordan Poole,1.6,0.5,-166
draftkings,player_steals,Under,Jordan Poole,2.3,0.5,129
draftkings,player_steals,Over,Kentavious Caldwell Pope,1.8,1.5,-125
draftkings,player_steals,Under,Kentavious Caldwell Pope,1.95,1.5,-105
draftkings,player_steals,Over,Kyle Kuzma,1.74,0.5,-135
draftkings,player_steals,Under,Kyle Kuzma,2.05,0.5,104
draftkings,player_steals,Over,Michael Porter Jr ,1.77,0.5,-129
draftkings,player_steals,Under,Michael Porter Jr ,2.0,0.5,100
draftkings,player_steals,Over,Nikola Jokic,2.7,1.5,170
draftkings,player_steals,Under,Nikola Jokic,1.45,1.5,-222
draftkings,player_steals,Over,Tyus Jones,2.75,1.5,175
draftkings,player_steals,Under,Tyus Jones,1.43,1.5,-232
draftkings,player_steals_alternate,Over,Aaron Gordon,1.62,0.5,-161
draftkings,player_steals_alternate,Over,Aaron Gordon,4.0,1.5,300
draftkings,player_steals_alternate,Over,Deni Avdija,1.69,0.5,-144
draftkings,player_steals_alternate,Over,Deni Avdija,4.3,1.5,330
draftkings,player_steals_alternate,Over,Jamal Murray,1.4,0.5,-250
draftkings,player_steals_alternate,Over,Jamal Murray,2.8,1.5,179
draftkings,player_steals_alternate,Over,Jordan Poole,1.59,0.5,-169
draftkings,player_steals_alternate,Over,Jordan Poole,3.8,1.5,280
draftkings,player_steals_alternate,Over,Kentavious Caldwell Pope,1.8,1.5,-125
draftkings,player_steals_alternate,Over,Kentavious Caldwell Pope,3.45,2.5,245
draftkings,player_steals_alternate,Over,Kyle Kuzma,1.74,0.5,-135
draftkings,player_steals_alternate,Over,Michael Porter Jr ,1.77,0.5,-129
draftkings,player_steals_alternate,Over,Nikola Jokic,1.39,0.5,-256
draftkings,player_steals_alternate,Over,Nikola Jokic,2.75,1.5,175
draftkings,player_steals_alternate,Over,Tyus Jones,1.39,0.5,-256
draftkings,player_steals_alternate,Over,Tyus Jones,2.75,1.5,175
draftkings,player_threes,Over,Aaron Gordon,2.05,0.5,104
draftkings,player_threes,Under,Aaron Gordon,1.74,0.5,-135
draftkings,player_threes,Over,Deni Avdija,1.56,0.5,-178
draftkings,player_threes,Under,Deni Avdija,2.4,0.5,140
draftkings,player_threes,Over,Jamal Murray,2.05,2.5,104
draftkings,player_threes,Under,Jamal Murray,1.74,2.5,-135
draftkings,player_threes,Over,Jordan Poole,1.53,1.5,-188
draftkings,player_threes,Under,Jordan Poole,2.45,1.5,145
draftkings,player_threes,Over,Kentavious Caldwell Pope,1.91,1.5,-109
draftkings,player_threes,Under,Kentavious Caldwell Pope,1.83,1.5,-120
draftkings,player_threes,Over,Kyle Kuzma,1.69,1.5,-144
draftkings,player_threes,Under,Kyle Kuzma,2.14,1.5,114
draftkings,player_threes,Over,Michael Porter Jr ,1.67,2.5,-149
draftkings,player_threes,Under,Michael Porter Jr ,2.2,2.5,120
draftkings,player_threes,Over,Nikola Jokic,1.56,0.5,-178
draftkings,player_threes,Under,Nikola Jokic,2.4,0.5,140
draftkings,player_threes,Over,Tyus Jones,2.4,1.5,140
draftkings,player_threes,Under,Tyus Jones,1.56,1.5,-178
draftkings,player_threes_alternate,Over,Deni Avdija,3.35,1.5,235
draftkings,player_threes_alternate,Over,Jamal Murray,1.33,1.5,-303
draftkings,player_threes_alternate,Over,Jamal Murray,3.4,3.5,240
draftkings,player_threes_alternate,Over,Jordan Poole,2.45,2.5,145
draftkings,player_threes_alternate,Over,Jordan Poole,4.8,3.5,380
draftkings,player_threes_alternate,Over,Kentavious Caldwell Pope,3.55,2.5,254
draftkings,player_threes_alternate,Over,Kyle Kuzma,2.9,2.5,190
draftkings,player_threes_alternate,Over,Michael Porter Jr ,2.45,3.5,145
draftkings,player_threes_alternate,Over,Michael Porter Jr ,4.2,4.5,320
draftkings,player_threes_alternate,Over,Nikola Jokic,3.35,1.5,235
draftkings,player_threes_alternate,Over,Tyus Jones,1.28,0.5,-357
draftkings,player_threes_alternate,Over,Tyus Jones,5.25,2.5,425
draftkings,player_turnovers,Over,Aaron Gordon,2.54,1.5,154
draftkings,player_turnovers,Under,Aaron Gordon,1.5,1.5,-200
draftkings,player_turnovers,Over,Deni Avdija,1.53,1.5,-188
draftkings,player_turnovers,Under,Deni Avdija,2.45,1.5,145
draftkings,player_turnovers,Over,Jamal Murray,2.0,2.5,100
draftkings,player_turnovers,Under,Jamal Murray,1.77,2.5,-129
draftkings,player_turnovers,Over,Jordan Poole,1.74,1.5,-135
draftkings,player_turnovers,Under,Jordan Poole,2.05,1.5,104
draftkings,player_turnovers,Over,Kentavious Caldwell Pope,1.62,0.5,-161
draftkings,player_turnovers,Under,Kentavious Caldwell Pope,2.24,0.5,124
draftkings,player_turnovers,Over,Kyle Kuzma,1.69,2.5,-144
draftkings,player_turnovers,Under,Kyle Kuzma,2.14,2.5,114
draftkings,player_turnovers,Over,Michael Porter Jr ,1.42,0.5,-238
draftkings,player_turnovers,Under,Michael Porter Jr ,2.8,0.5,179
draftkings,player_turnovers,Over,Nikola Jokic,2.1,3.5,110
draftkings,player_turnovers,Under,Nikola Jokic,1.71,3.5,-140
draftkings,player_turnovers,Over,Tyus Jones,1.48,0.5,-208
draftkings,player_turnovers,Under,Tyus Jones,2.6,0.5,160
draftkings,player_assists,Over,Bam Adebayo,2.1,4.5,110
draftkings,player_assists,Under,Bam Adebayo,1.71,4.5,-140
draftkings,player_assists,Over,Jalen Suggs,2.45,2.5,145
draftkings,player_assists,Under,Jalen Suggs,1.53,2.5,-188
draftkings,player_assists,Over,Jimmy Butler,1.74,4.5,-135
draftkings,player_assists,Under,Jimmy Butler,2.05,4.5,104
draftkings,player_assists,Over,Paolo Banchero,2.0,4.5,100
draftkings,player_assists,Under,Paolo Banchero,1.77,4.5,-129
draftkings,player_assists,Over,Tyler Herro,1.83,3.5,-120
draftkings,player_assists,Under,Tyler Herro,1.91,3.5,-109
draftkings,player_assists_alternate,Under,Bam Adebayo,4.4,2.5,340
draftkings,player_assists_alternate,Over,Bam Adebayo,1.49,3.5,-204
draftkings,player_assists_alternate,Under,Bam Adebayo,2.45,3.5,145
draftkings,player_assists_alternate,Over,Bam Adebayo,3.1,5.5,210
draftkings,player_assists_alternate,Under,Bam Adebayo,1.33,5.5,-303
draftkings,player_assists_alternate,Over,Bam Adebayo,5.25,6.5,425
draftkings,player_assists_alternate,Over,Jalen Suggs,1.48,1.5,-208
draftkings,player_assists_alternate,Under,Jalen Suggs,2.5,1.5,150
draftkings,player_assists_alternate,Over,Jalen Suggs,4.6,3.5,359
draftkings,player_assists_alternate,Under,Jimmy Butler,5.75,2.5,475
draftkings,player_assists_alternate,Over,Jimmy Butler,1.33,3.5,-303
draftkings,player_assists_alternate,Under,Jimmy Butler,3.1,3.5,210
draftkings,player_assists_alternate,Over,Jimmy Butler,2.4,5.5,140
draftkings,player_assists_alternate,Under,Jimmy Butler,1.51,5.5,-196
draftkings,player_assists_alternate,Over,Jimmy Butler,3.65,6.5,265
draftkings,player_assists_alternate,Under,Jimmy Butler,1.26,6.5,-384
draftkings,player_assists_alternate,Under,Paolo Banchero,4.5,2.5,350
draftkings,player_assists_alternate,Over,Paolo Banchero,1.48,3.5,-208
draftkings,player_assists_alternate,Under,Paolo Banchero,2.5,3.5,150
draftkings,player_assists_alternate,Over,Paolo Banchero,3.1,5.5,210
draftkings,player_assists_alternate,Under,Paolo Banchero,1.33,5.5,-303
draftkings,player_assists_alternate,Over,Paolo Banchero,5.0,6.5,400
draftkings,player_assists_alternate,Under,Tyler Herro,6.0,1.5,500
draftkings,player_assists_alternate,Over,Tyler Herro,1.38,2.5,-263
draftkings,player_assists_alternate,Under,Tyler Herro,2.85,2.5,185
draftkings,player_assists_alternate,Over,Tyler Herro,5.25,5.5,425
draftkings,player_assists_alternate,Over,Bam Adebayo,9.5,7.5,850
draftkings,player_assists_alternate,Over,Jalen Suggs,10.0,4.5,900
draftkings,player_assists_alternate,Over,Jimmy Butler,6.0,7.5,500
draftkings,player_assists_alternate,Over,Paolo Banchero,9.0,7.5,800
draftkings,player_assists_alternate,Over,Tyler Herro,3.05,4.5,204
draftkings,player_blocks,Over,Bam Adebayo,1.42,0.5,-238
draftkings,player_blocks,Under,Bam Adebayo,2.8,0.5,179
draftkings,player_blocks,Over,Jalen Suggs,2.2,0.5,120
draftkings,player_blocks,Under,Jalen Suggs,1.67,0.5,-149
draftkings,player_blocks,Over,Jimmy Butler,2.65,0.5,165
draftkings,player_blocks,Under,Jimmy Butler,1.47,0.5,-212
draftkings,player_blocks,Over,Paolo Banchero,2.05,0.5,104
draftkings,player_blocks,Under,Paolo Banchero,1.74,0.5,-135
draftkings,player_blocks,Over,Tyler Herro,4.1,0.5,309
draftkings,player_blocks_alternate,Over,Bam Adebayo,1.42,0.5,-238
draftkings,player_blocks_alternate,Over,Bam Adebayo,2.85,1.5,185
draftkings,player_blocks_alternate,Over,Jalen Suggs,2.2,0.5,120
draftkings,player_blocks_alternate,Over,Jimmy Butler,2.65,0.5,165
draftkings,player_blocks_alternate,Over,Paolo Banchero,2.05,0.5,104
draftkings,player_blocks_alternate,Over,Tyler Herro,4.1,0.5,309
draftkings,player_points,Over,Bam Adebayo,1.87,20.5,-114
draftkings,player_points,Under,Bam Adebayo,1.87,20.5,-114
draftkings,player_points,Over,Jalen Suggs,1.87,11.5,-114
draftkings,player_points,Under,Jalen Suggs,1.87,11.5,-114
draftkings,player_points,Over,Jimmy Butler,1.83,20.5,-120
draftkings,player_points,Under,Jimmy Butler,1.91,20.5,-109
draftkings,player_points,Over,Paolo Banchero,1.8,24.5,-125
draftkings,player_points,Under,Paolo Banchero,1.95,24.5,-105
draftkings,player_points,Over,Tyler Herro,1.77,21.5,-129
draftkings,player_points,Under,Tyler Herro,2.0,21.5,100
draftkings,player_points_alternate,Over,Bam Adebayo,1.56,18.5,-178
draftkings,player_points_alternate,Under,Bam Adebayo,2.3,18.5,129
draftkings,player_points_alternate,Over,Bam Adebayo,2.05,21.5,104
draftkings,player_points_alternate,Under,Bam Adebayo,1.67,21.5,-149
draftkings,player_points_alternate,Over,Bam Adebayo,2.3,22.5,129
draftkings,player_points_alternate,Under,Bam Adebayo,1.56,22.5,-178
draftkings,player_points_alternate,Over,Jalen Suggs,1.65,10.5,-153
draftkings,player_points_alternate,Under,Jalen Suggs,2.1,10.5,110
draftkings,player_points_alternate,Over,Jalen Suggs,2.15,12.5,114
draftkings,player_points_alternate,Under,Jalen Suggs,1.65,12.5,-153
draftkings,player_points_alternate,Over,Jalen Suggs,2.5,13.5,150
draftkings,player_points_alternate,Under,Jalen Suggs,1.49,13.5,-204
draftkings,player_points_alternate,Over,Jimmy Butler,1.51,18.5,-196
draftkings,player_points_alternate,Under,Jimmy Butler,2.4,18.5,140
draftkings,player_points_alternate,Over,Jimmy Butler,2.0,21.5,100
draftkings,player_points_alternate,Under,Jimmy Butler,1.71,21.5,-140
draftkings,player_points_alternate,Over,Jimmy Butler,2.25,22.5,125
draftkings,player_points_alternate,Under,Jimmy Butler,1.57,22.5,-175
draftkings,player_points_alternate,Over,Paolo Banchero,1.54,22.5,-185
draftkings,player_points_alternate,Under,Paolo Banchero,2.35,22.5,135
draftkings,player_points_alternate,Over,Paolo Banchero,1.67,23.5,-149
draftkings,player_points_alternate,Under,Paolo Banchero,2.1,23.5,110
draftkings,player_points_alternate,Over,Paolo Banchero,2.0,25.5,100
draftkings,player_points_alternate,Under,Paolo Banchero,1.74,25.5,-135
draftkings,player_points_alternate,Over,Paolo Banchero,2.2,26.5,120
draftkings,player_points_alternate,Under,Paolo Banchero,1.61,26.5,-163
draftkings,player_points_alternate,Over,Tyler Herro,1.62,20.5,-161
draftkings,player_points_alternate,Under,Tyler Herro,2.15,20.5,114
draftkings,player_points_alternate,Over,Tyler Herro,1.95,22.5,-105
draftkings,player_points_alternate,Under,Tyler Herro,1.77,22.5,-129
draftkings,player_points_alternate,Over,Tyler Herro,2.15,23.5,114
draftkings,player_points_alternate,Under,Tyler Herro,1.62,23.5,-161
draftkings,player_points_alternate,Over,Bam Adebayo,1.43,17.5,-232
draftkings,player_points_alternate,Over,Bam Adebayo,1.69,19.5,-144
draftkings,player_points_alternate,Over,Bam Adebayo,3.0,24.5,200
draftkings,player_points_alternate,Over,Bam Adebayo,6.5,29.5,550
draftkings,player_points_alternate,Over,Jalen Suggs,1.48,9.5,-208
draftkings,player_points_alternate,Over,Jalen Suggs,2.9,14.5,190
draftkings,player_points_alternate,Over,Jalen Suggs,5.25,17.5,425
draftkings,player_points_alternate,Over,Jimmy Butler,1.4,17.5,-250
draftkings,player_points_alternate,Over,Jimmy Butler,1.65,19.5,-153
draftkings,player_points_alternate,Over,Jimmy Butler,2.9,24.5,190
draftkings,player_points_alternate,Over,Jimmy Butler,6.5,29.5,550
draftkings,player_points_alternate,Over,Paolo Banchero,1.26,19.5,-384
draftkings,player_points_alternate,Over,Paolo Banchero,3.1,29.5,210
draftkings,player_points_alternate,Over,Paolo Banchero,6.5,34.5,550
draftkings,player_points_alternate,Over,Tyler Herro,1.32,17.5,-312
draftkings,player_points_alternate,Over,Tyler Herro,1.49,19.5,-204
draftkings,player_points_alternate,Over,Tyler Herro,2.4,24.5,140
draftkings,player_points_alternate,Over,Tyler Herro,4.6,29.5,359
draftkings,player_rebounds,Over,Bam Adebayo,1.91,10.5,-109
draftkings,player_rebounds,Under,Bam Adebayo,1.83,10.5,-120
draftkings,player_rebounds,Over,Jalen Suggs,1.62,2.5,-161
draftkings,player_rebounds,Under,Jalen Suggs,2.24,2.5,124
draftkings,player_rebounds,Over,Jimmy Butler,1.77,4.5,-129
draftkings,player_rebounds,Under,Jimmy Butler,2.0,4.5,100
draftkings,player_rebounds,Over,Paolo Banchero,1.83,6.5,-120
draftkings,player_rebounds,Under,Paolo Banchero,1.91,6.5,-109
draftkings,player_rebounds,Over,Tyler Herro,2.2,5.5,120
draftkings,player_rebounds,Under,Tyler Herro,1.67,5.5,-149
draftkings,player_rebounds_alternate,Over,Bam Adebayo,1.34,8.5,-294
draftkings,player_rebounds_alternate,Under,Bam Adebayo,3.05,8.5,204
draftkings,player_rebounds_alternate,Over,Bam Adebayo,3.05,12.5,204
draftkings,player_rebounds_alternate,Under,Bam Adebayo,1.34,12.5,-294
draftkings,player_rebounds_alternate,Under,Jalen Suggs,4.2,1.5,320
draftkings,player_rebounds_alternate,Over,Jalen Suggs,2.5,3.5,150
draftkings,player_rebounds_alternate,Under,Jalen Suggs,1.49,3.5,-204
draftkings,player_rebounds_alternate,Over,Jalen Suggs,8.0,5.5,700
draftkings,player_rebounds_alternate,Under,Jimmy Butler,5.5,2.5,450
draftkings,player_rebounds_alternate,Over,Jimmy Butler,1.35,3.5,-285
draftkings,player_rebounds_alternate,Under,Jimmy Butler,3.0,3.5,200
draftkings,player_rebounds_alternate,Over,Jimmy Butler,2.5,5.5,150
draftkings,player_rebounds_alternate,Under,Jimmy Butler,1.49,5.5,-204
draftkings,player_rebounds_alternate,Over,Jimmy Butler,3.9,6.5,290
draftkings,player_rebounds_alternate,Over,Paolo Banchero,1.45,5.5,-222
draftkings,player_rebounds_alternate,Under,Paolo Banchero,2.6,5.5,160
draftkings,player_rebounds_alternate,Over,Paolo Banchero,3.5,8.5,250
draftkings,player_rebounds_alternate,Under,Paolo Banchero,1.27,8.5,-370
draftkings,player_rebounds_alternate,Over,Tyler Herro,1.28,3.5,-357
draftkings,player_rebounds_alternate,Under,Tyler Herro,3.5,3.5,250
draftkings,player_rebounds_alternate,Over,Tyler Herro,3.2,6.5,220
draftkings,player_rebounds_alternate,Under,Tyler Herro,1.31,6.5,-322
draftkings,player_rebounds_alternate,Over,Bam Adebayo,1.56,9.5,-178
draftkings,player_rebounds_alternate,Over,Bam Adebayo,2.35,11.5,135
draftkings,player_rebounds_alternate,Over,Bam Adebayo,5.75,14.5,475
draftkings,player_rebounds_alternate,Over,Jalen Suggs,4.3,4.5,330
draftkings,player_rebounds_alternate,Over,Jimmy Butler,6.5,7.5,550
draftkings,player_rebounds_alternate,Over,Paolo Banchero,2.45,7.5,145
draftkings,player_rebounds_alternate,Over,Paolo Banchero,5.25,9.5,425
draftkings,player_rebounds_alternate,Over,Paolo Banchero,14.0,11.5,1300
draftkings,player_rebounds_alternate,Over,Tyler Herro,1.61,4.5,-163
draftkings,player_rebounds_alternate,Over,Tyler Herro,5.0,7.5,400
draftkings,player_steals,Over,Bam Adebayo,1.43,0.5,-232
draftkings,player_steals,Under,Bam Adebayo,2.75,0.5,175
draftkings,player_steals,Over,Jalen Suggs,1.5,0.5,-200
draftkings,player_steals,Under,Jalen Suggs,2.54,0.5,154
draftkings,player_steals,Over,Jimmy Butler,2.1,1.5,110
draftkings,player_steals,Under,Jimmy Butler,1.71,1.5,-140
draftkings,player_steals,Over,Paolo Banchero,1.53,0.5,-188
draftkings,player_steals,Under,Paolo Banchero,2.45,0.5,145
draftkings,player_steals,Over,Tyler Herro,1.41,0.5,-243
draftkings,player_steals,Under,Tyler Herro,2.85,0.5,185
draftkings,player_steals_alternate,Over,Bam Adebayo,1.43,0.5,-232
draftkings,player_steals_alternate,Over,Bam Adebayo,2.9,1.5,190
draftkings,player_steals_alternate,Over,Jalen Suggs,1.49,0.5,-204
draftkings,player_steals_alternate,Over,Jalen Suggs,3.25,1.5,225
draftkings,player_steals_alternate,Over,Jimmy Butler,2.1,1.5,110
draftkings,player_steals_alternate,Over,Jimmy Butler,4.5,2.5,350
draftkings,player_steals_alternate,Over,Paolo Banchero,1.54,0.5,-185
draftkings,player_steals_alternate,Over,Paolo Banchero,3.45,1.5,245
draftkings,player_steals_alternate,Over,Tyler Herro,1.43,0.5,-232
draftkings,player_steals_alternate,Over,Tyler Herro,2.9,1.5,190
draftkings,player_threes,Over,Jalen Suggs,1.83,1.5,-120
draftkings,player_threes,Under,Jalen Suggs,1.91,1.5,-109
draftkings,player_threes,Over,Jimmy Butler,2.8,0.5,179
draftkings,player_threes,Under,Jimmy Butler,1.42,0.5,-238
draftkings,player_threes,Over,Paolo Banchero,2.3,1.5,129
draftkings,player_threes,Under,Paolo Banchero,1.6,1.5,-166
draftkings,player_threes,Over,Tyler Herro,2.24,3.5,124
draftkings,player_threes,Under,Tyler Herro,1.62,3.5,-161
draftkings,player_threes_alternate,Over,Jalen Suggs,3.4,2.5,240
draftkings,player_threes_alternate,Over,Paolo Banchero,1.27,0.5,-370
draftkings,player_threes_alternate,Over,Paolo Banchero,4.8,2.5,380
draftkings,player_threes_alternate,Over,Tyler Herro,1.48,2.5,-208
draftkings,player_threes_alternate,Over,Tyler Herro,3.5,4.5,250
draftkings,player_turnovers,Over,Bam Adebayo,2.1,2.5,110
draftkings,player_turnovers,Under,Bam Adebayo,1.71,2.5,-140
draftkings,player_turnovers,Over,Jalen Suggs,1.83,1.5,-120
draftkings,player_turnovers,Under,Jalen Suggs,1.91,1.5,-109
draftkings,player_turnovers,Over,Jimmy Butler,1.83,1.5,-120
draftkings,player_turnovers,Under,Jimmy Butler,1.91,1.5,-109
draftkings,player_turnovers,Over,Paolo Banchero,1.62,2.5,-161
draftkings,player_turnovers,Under,Paolo Banchero,2.24,2.5,124
draftkings,player_turnovers,Over,Tyler Herro,1.8,2.5,-125
draftkings,player_turnovers,Under,Tyler Herro,1.95,2.5,-105
draftkings,player_assists,Over,Derrick White,1.69,4.5,-144
draftkings,player_assists,Under,Derrick White,2.14,4.5,114
draftkings,player_assists,Over,Jaylen Brown,1.62,2.5,-161
draftkings,player_assists,Under,Jaylen Brown,2.24,2.5,124
draftkings,player_assists,Over,Jayson Tatum,1.8,4.5,-125
draftkings,player_assists,Under,Jayson Tatum,1.95,4.5,-105
draftkings,player_assists,Over,Jrue Holiday,2.1,4.5,110
draftkings,player_assists,Under,Jrue Holiday,1.71,4.5,-140
draftkings,player_assists,Over,Kristaps Porzingis,2.3,2.5,129
draftkings,player_assists,Under,Kristaps Porzingis,1.6,2.5,-166
draftkings,player_assists_alternate,Under,Derrick White,6.5,2.5,550
draftkings,player_assists_alternate,Over,Derrick White,1.3,3.5,-333
draftkings,player_assists_alternate,Under,Derrick White,3.25,3.5,225
draftkings,player_assists_alternate,Over,Derrick White,2.35,5.5,135
draftkings,player_assists_alternate,Under,Derrick White,1.54,5.5,-185
draftkings,player_assists_alternate,Over,Derrick White,3.45,6.5,245
draftkings,player_assists_alternate,Under,Derrick White,1.28,6.5,-357
draftkings,player_assists_alternate,Under,Jaylen Brown,4.3,1.5,330
draftkings,player_assists_alternate,Over,Jaylen Brown,2.5,3.5,150
draftkings,player_assists_alternate,Under,Jaylen Brown,1.49,3.5,-204
draftkings,player_assists_alternate,Over,Jaylen Brown,8.5,5.5,750
draftkings,player_assists_alternate,Under,Jayson Tatum,5.25,2.5,425
draftkings,player_assists_alternate,Over,Jayson Tatum,1.37,3.5,-270
draftkings,player_assists_alternate,Under,Jayson Tatum,2.9,3.5,190
draftkings,player_assists_alternate,Over,Jayson Tatum,2.55,5.5,154
draftkings,player_assists_alternate,Under,Jayson Tatum,1.47,5.5,-212
draftkings,player_assists_alternate,Over,Jayson Tatum,3.95,6.5,295
draftkings,player_assists_alternate,Under,Jrue Holiday,4.4,2.5,340
draftkings,player_assists_alternate,Over,Jrue Holiday,1.44,3.5,-227
draftkings,player_assists_alternate,Under,Jrue Holiday,2.6,3.5,160
draftkings,player_assists_alternate,Over,Jrue Holiday,2.9,5.5,190
draftkings,player_assists_alternate,Under,Jrue Holiday,1.38,5.5,-263
draftkings,player_assists_alternate,Over,Jrue Holiday,4.8,6.5,380
draftkings,player_assists_alternate,Over,Kristaps Porzingis,1.42,1.5,-238
draftkings,player_assists_alternate,Under,Kristaps Porzingis,2.7,1.5,170
draftkings,player_assists_alternate,Over,Kristaps Porzingis,4.1,3.5,309
draftkings,player_assists_alternate,Over,Derrick White,5.75,7.5,475
draftkings,player_assists_alternate,Over,Jaylen Brown,4.3,4.5,330
draftkings,player_assists_alternate,Over,Jayson Tatum,6.5,7.5,550
draftkings,player_assists_alternate,Over,Jrue Holiday,9.0,7.5,800
draftkings,player_assists_alternate,Over,Kristaps Porzingis,9.0,4.5,800
draftkings,player_blocks,Over,Derrick White,1.67,0.5,-149
draftkings,player_blocks,Under,Derrick White,2.2,0.5,120
draftkings,player_blocks,Over,Jaylen Brown,1.91,0.5,-109
draftkings,player_blocks,Under,Jaylen Brown,1.83,0.5,-120
draftkings,player_blocks,Over,Jayson Tatum,2.14,0.5,114
draftkings,player_blocks,Under,Jayson Tatum,1.69,0.5,-144
draftkings,player_blocks,Over,Jrue Holiday,2.0,0.5,100
draftkings,player_blocks,Under,Jrue Holiday,1.77,0.5,-129
draftkings,player_blocks,Over,Kristaps Porzingis,1.53,1.5,-188
draftkings,player_blocks,Under,Kristaps Porzingis,2.45,1.5,145
draftkings,player_blocks_alternate,Over,Derrick White,1.65,0.5,-153
draftkings,player_blocks_alternate,Over,Derrick White,4.1,1.5,309
draftkings,player_blocks_alternate,Over,Jaylen Brown,1.91,0.5,-109
draftkings,player_blocks_alternate,Over,Jayson Tatum,2.15,0.5,114
draftkings,player_blocks_alternate,Over,Jrue Holiday,2.05,0.5,104
draftkings,player_blocks_alternate,Over,Kristaps Porzingis,1.53,1.5,-188
draftkings,player_blocks_alternate,Over,Kristaps Porzingis,2.6,2.5,160
draftkings,player_points,Over,Derrick White,1.91,14.5,-109
draftkings,player_points,Under,Derrick White,1.83,14.5,-120
draftkings,player_points,Over,Jaylen Brown,1.91,23.5,-109
draftkings,player_points,Under,Jaylen Brown,1.83,23.5,-120
draftkings,player_points,Over,Jayson Tatum,1.95,27.5,-105
draftkings,player_points,Under,Jayson Tatum,1.8,27.5,-125
draftkings,player_points,Over,Jrue Holiday,1.83,12.5,-120
draftkings,player_points,Under,Jrue Holiday,1.91,12.5,-109
draftkings,player_points,Over,Kristaps Porzingis,1.83,17.5,-120
draftkings,player_points,Under,Kristaps Porzingis,1.91,17.5,-109
draftkings,player_points_alternate,Over,Derrick White,1.53,12.5,-188
draftkings,player_points_alternate,Under,Derrick White,2.4,12.5,140
draftkings,player_points_alternate,Over,Derrick White,1.67,13.5,-149
draftkings,player_points_alternate,Under,Derrick White,2.1,13.5,110
draftkings,player_points_alternate,Over,Derrick White,2.1,15.5,110
draftkings,player_points_alternate,Under,Derrick White,1.67,15.5,-149
draftkings,player_points_alternate,Over,Derrick White,2.35,16.5,135
draftkings,player_points_alternate,Under,Derrick White,1.53,16.5,-188
draftkings,player_points_alternate,Over,Jaylen Brown,1.61,21.5,-163
draftkings,player_points_alternate,Under,Jaylen Brown,2.2,21.5,120
draftkings,player_points_alternate,Over,Jaylen Brown,1.74,22.5,-135
draftkings,player_points_alternate,Under,Jaylen Brown,1.95,22.5,-105
draftkings,player_points_alternate,Over,Jaylen Brown,2.35,25.5,135
draftkings,player_points_alternate,Under,Jaylen Brown,1.54,25.5,-185
draftkings,player_points_alternate,Over,Jayson Tatum,1.62,25.5,-161
draftkings,player_points_alternate,Under,Jayson Tatum,2.15,25.5,114
draftkings,player_points_alternate,Over,Jayson Tatum,1.77,26.5,-129
draftkings,player_points_alternate,Under,Jayson Tatum,1.95,26.5,-105
draftkings,player_points_alternate,Over,Jayson Tatum,2.1,28.5,110
draftkings,player_points_alternate,Under,Jayson Tatum,1.67,28.5,-149
draftkings,player_points_alternate,Over,Jrue Holiday,1.47,10.5,-212
draftkings,player_points_alternate,Under,Jrue Holiday,2.55,10.5,154
draftkings,player_points_alternate,Over,Jrue Holiday,2.1,13.5,110
draftkings,player_points_alternate,Under,Jrue Holiday,1.67,13.5,-149
draftkings,player_points_alternate,Over,Kristaps Porzingis,1.51,15.5,-196
draftkings,player_points_alternate,Under,Kristaps Porzingis,2.4,15.5,140
draftkings,player_points_alternate,Over,Kristaps Porzingis,1.65,16.5,-153
draftkings,player_points_alternate,Under,Kristaps Porzingis,2.1,16.5,110
draftkings,player_points_alternate,Over,Kristaps Porzingis,2.05,18.5,104
draftkings,player_points_alternate,Under,Kristaps Porzingis,1.71,18.5,-140
draftkings,player_points_alternate,Over,Derrick White,1.38,11.5,-263
draftkings,player_points_alternate,Over,Derrick White,2.7,17.5,170
draftkings,player_points_alternate,Over,Derrick White,3.7,19.5,270
draftkings,player_points_alternate,Over,Jaylen Brown,1.39,19.5,-256
draftkings,player_points_alternate,Over,Jaylen Brown,2.1,24.5,110
draftkings,player_points_alternate,Over,Jaylen Brown,3.8,29.5,280
draftkings,player_points_alternate,Over,Jaylen Brown,8.5,34.5,750
draftkings,player_points_alternate,Over,Jayson Tatum,1.54,24.5,-185
draftkings,player_points_alternate,Over,Jayson Tatum,2.3,29.5,129
draftkings,player_points_alternate,Over,Jayson Tatum,4.1,34.5,309
draftkings,player_points_alternate,Over,Jayson Tatum,8.5,39.5,750
draftkings,player_points_alternate,Over,Jrue Holiday,1.33,9.5,-303
draftkings,player_points_alternate,Over,Jrue Holiday,1.62,11.5,-161
draftkings,player_points_alternate,Over,Jrue Holiday,2.4,14.5,140
draftkings,player_points_alternate,Over,Jrue Holiday,3.95,17.5,295
draftkings,player_points_alternate,Over,Kristaps Porzingis,1.39,14.5,-256
draftkings,player_points_alternate,Over,Kristaps Porzingis,2.3,19.5,129
draftkings,player_points_alternate,Over,Kristaps Porzingis,4.8,24.5,380
draftkings,player_rebounds,Over,Derrick White,1.8,3.5,-125
draftkings,player_rebounds,Under,Derrick White,1.95,3.5,-105
draftkings,player_rebounds,Over,Jaylen Brown,1.87,5.5,-114
draftkings,player_rebounds,Under,Jaylen Brown,1.87,5.5,-114
draftkings,player_rebounds,Over,Jayson Tatum,1.87,8.5,-114
draftkings,player_rebounds,Under,Jayson Tatum,1.87,8.5,-114
draftkings,player_rebounds,Over,Jrue Holiday,1.8,5.5,-125
draftkings,player_rebounds,Under,Jrue Holiday,1.95,5.5,-105
draftkings,player_rebounds,Over,Kristaps Porzingis,1.77,7.5,-129
draftkings,player_rebounds,Under,Kristaps Porzingis,2.0,7.5,100
draftkings,player_rebounds_alternate,Under,Derrick White,6.5,1.5,550
draftkings,player_rebounds_alternate,Over,Derrick White,1.32,2.5,-312
draftkings,player_rebounds_alternate,Under,Derrick White,3.15,2.5,215
draftkings,player_rebounds_alternate,Over,Derrick White,4.5,5.5,350
draftkings,player_rebounds_alternate,Under,Jaylen Brown,4.4,3.5,340
draftkings,player_rebounds_alternate,Over,Jaylen Brown,2.55,6.5,154
draftkings,player_rebounds_alternate,Under,Jaylen Brown,1.45,6.5,-222
draftkings,player_rebounds_alternate,Over,Jayson Tatum,1.29,6.5,-344
draftkings,player_rebounds_alternate,Under,Jayson Tatum,3.45,6.5,245
draftkings,player_rebounds_alternate,Over,Jayson Tatum,3.3,10.5,229
draftkings,player_rebounds_alternate,Under,Jayson Tatum,1.3,10.5,-333
draftkings,player_rebounds_alternate,Under,Jrue Holiday,4.7,3.5,370
draftkings,player_rebounds_alternate,Over,Jrue Holiday,2.4,6.5,140
draftkings,player_rebounds_alternate,Under,Jrue Holiday,1.5,6.5,-200
draftkings,player_rebounds_alternate,Under,Kristaps Porzingis,3.95,5.5,295
draftkings,player_rebounds_alternate,Over,Kristaps Porzingis,1.43,6.5,-232
draftkings,player_rebounds_alternate,Under,Kristaps Porzingis,2.65,6.5,165
draftkings,player_rebounds_alternate,Over,Kristaps Porzingis,2.25,8.5,125
draftkings,player_rebounds_alternate,Under,Kristaps Porzingis,1.57,8.5,-175
draftkings,player_rebounds_alternate,Over,Derrick White,2.65,4.5,165
draftkings,player_rebounds_alternate,Over,Jaylen Brown,1.44,4.5,-227
draftkings,player_rebounds_alternate,Over,Jaylen Brown,3.85,7.5,285
draftkings,player_rebounds_alternate,Over,Jaylen Brown,10.0,9.5,900
draftkings,player_rebounds_alternate,Over,Jayson Tatum,1.5,7.5,-200
draftkings,player_rebounds_alternate,Over,Jayson Tatum,2.45,9.5,145
draftkings,player_rebounds_alternate,Over,Jayson Tatum,4.5,11.5,350
draftkings,player_rebounds_alternate,Over,Jrue Holiday,1.39,4.5,-256
draftkings,player_rebounds_alternate,Over,Jrue Holiday,3.6,7.5,260
draftkings,player_rebounds_alternate,Over,Jrue Holiday,9.0,9.5,800
draftkings,player_rebounds_alternate,Over,Kristaps Porzingis,3.1,9.5,210
draftkings,player_rebounds_alternate,Over,Kristaps Porzingis,6.5,11.5,550
draftkings,player_steals,Over,Derrick White,1.53,0.5,-188
draftkings,player_steals,Under,Derrick White,2.45,0.5,145
draftkings,player_steals,Over,Jaylen Brown,2.8,1.5,179
draftkings,player_steals,Under,Jaylen Brown,1.42,1.5,-238
draftkings,player_steals,Over,Jayson Tatum,1.51,0.5,-196
draftkings,player_steals,Under,Jayson Tatum,2.5,0.5,150
draftkings,player_steals,Over,Jrue Holiday,1.6,0.5,-166
draftkings,player_steals,Under,Jrue Holiday,2.3,0.5,129
draftkings,player_steals,Over,Kristaps Porzingis,1.74,0.5,-135
draftkings,player_steals,Under,Kristaps Porzingis,2.05,0.5,104
draftkings,player_steals_alternate,Over,Derrick White,1.53,0.5,-188
draftkings,player_steals_alternate,Over,Derrick White,3.5,1.5,250
draftkings,player_steals_alternate,Over,Jaylen Brown,1.4,0.5,-250
draftkings,player_steals_alternate,Over,Jaylen Brown,2.75,1.5,175
draftkings,player_steals_alternate,Over,Jayson Tatum,1.51,0.5,-196
draftkings,player_steals_alternate,Over,Jayson Tatum,3.35,1.5,235
draftkings,player_steals_alternate,Over,Jrue Holiday,1.59,0.5,-169
draftkings,player_steals_alternate,Over,Jrue Holiday,3.85,1.5,285
draftkings,player_steals_alternate,Over,Kristaps Porzingis,1.77,0.5,-129
draftkings,player_threes,Over,Derrick White,2.0,2.5,100
draftkings,player_threes,Under,Derrick White,1.77,2.5,-129
draftkings,player_threes,Over,Jaylen Brown,2.35,2.5,135
draftkings,player_threes,Under,Jaylen Brown,1.57,2.5,-175
draftkings,player_threes,Over,Jayson Tatum,1.67,2.5,-149
draftkings,player_threes,Under,Jayson Tatum,2.2,2.5,120
draftkings,player_threes,Over,Jrue Holiday,1.67,1.5,-149
draftkings,player_threes,Under,Jrue Holiday,2.2,1.5,120
draftkings,player_threes,Over,Kristaps Porzingis,1.77,1.5,-129
draftkings,player_threes,Under,Kristaps Porzingis,2.0,1.5,100
draftkings,player_threes_alternate,Over,Derrick White,1.31,1.5,-322
draftkings,player_threes_alternate,Over,Derrick White,3.25,3.5,225
draftkings,player_threes_alternate,Over,Jaylen Brown,1.43,1.5,-232
draftkings,player_threes_alternate,Over,Jaylen Brown,4.2,3.5,320
draftkings,player_threes_alternate,Over,Jayson Tatum,2.5,3.5,150
draftkings,player_threes_alternate,Over,Jayson Tatum,4.3,4.5,330
draftkings,player_threes_alternate,Over,Jrue Holiday,3.1,2.5,210
draftkings,player_threes_alternate,Over,Kristaps Porzingis,3.15,2.5,215
draftkings,player_turnovers,Over,Derrick White,2.14,1.5,114
draftkings,player_turnovers,Under,Derrick White,1.69,1.5,-144
draftkings,player_turnovers,Over,Jaylen Brown,1.87,2.5,-114
draftkings,player_turnovers,Under,Jaylen Brown,1.87,2.5,-114
draftkings,player_turnovers,Over,Jayson Tatum,2.0,2.5,100
draftkings,player_turnovers,Under,Jayson Tatum,1.77,2.5,-129
draftkings,player_turnovers,Over,Jrue Holiday,1.95,1.5,-105
draftkings,player_turnovers,Under,Jrue Holiday,1.8,1.5,-125
draftkings,player_turnovers,Over,Kristaps Porzingis,2.0,1.5,100
draftkings,player_turnovers,Under,Kristaps Porzingis,1.77,1.5,-129
draftkings,player_assists,Over,Bradley Beal,1.74,4.5,-135
draftkings,player_assists,Under,Bradley Beal,2.05,4.5,104
draftkings,player_assists,Over,Devin Booker,2.0,7.5,100
draftkings,player_assists,Under,Devin Booker,1.77,7.5,-129
draftkings,player_assists,Over,Grayson Allen,1.62,2.5,-161
draftkings,player_assists,Under,Grayson Allen,2.24,2.5,124
draftkings,player_assists,Over,Jusuf Nurkic,1.51,2.5,-196
draftkings,player_assists,Under,Jusuf Nurkic,2.5,2.5,150
draftkings,player_assists,Over,Kevin Durant,1.77,4.5,-129
draftkings,player_assists,Under,Kevin Durant,2.0,4.5,100
draftkings,player_assists,Over,Tyrese Haliburton,1.67,11.5,-149
draftkings,player_assists,Under,Tyrese Haliburton,2.2,11.5,120
draftkings,player_assists_alternate,Under,Bradley Beal,5.75,2.5,475
draftkings,player_assists_alternate,Over,Bradley Beal,1.33,3.5,-303
draftkings,player_assists_alternate,Under,Bradley Beal,3.1,3.5,210
draftkings,player_assists_alternate,Over,Bradley Beal,2.45,5.5,145
draftkings,player_assists_alternate,Under,Bradley Beal,1.5,5.5,-200
draftkings,player_assists_alternate,Over,Bradley Beal,3.75,6.5,275
draftkings,player_assists_alternate,Over,Devin Booker,1.29,5.5,-344
draftkings,player_assists_alternate,Under,Devin Booker,3.4,5.5,240
draftkings,player_assists_alternate,Over,Devin Booker,1.56,6.5,-178
draftkings,player_assists_alternate,Under,Devin Booker,2.3,6.5,129
draftkings,player_assists_alternate,Over,Devin Booker,2.7,8.5,170
draftkings,player_assists_alternate,Under,Devin Booker,1.43,8.5,-232
draftkings,player_assists_alternate,Under,Grayson Allen,4.3,1.5,330
draftkings,player_assists_alternate,Over,Grayson Allen,2.45,3.5,145
draftkings,player_assists_alternate,Under,Grayson Allen,1.5,3.5,-200
draftkings,player_assists_alternate,Over,Grayson Allen,8.0,5.5,700
draftkings,player_assists_alternate,Under,Jusuf Nurkic,5.0,1.5,400
draftkings,player_assists_alternate,Over,Jusuf Nurkic,2.3,3.5,129
draftkings,player_assists_alternate,Under,Jusuf Nurkic,1.56,3.5,-178
draftkings,player_assists_alternate,Over,Jusuf Nurkic,7.0,5.5,600
draftkings,player_assists_alternate,Under,Kevin Durant,6.0,2.5,500
draftkings,player_assists_alternate,Over,Kevin Durant,1.34,3.5,-294
draftkings,player_assists_alternate,Under,Kevin Durant,3.05,3.5,204
draftkings,player_assists_alternate,Over,Kevin Durant,2.45,5.5,145
draftkings,player_assists_alternate,Under,Kevin Durant,1.5,5.5,-200
draftkings,player_assists_alternate,Over,Kevin Durant,3.85,6.5,285
draftkings,player_assists_alternate,Over,Tyrese Haliburton,1.43,10.5,-232
draftkings,player_assists_alternate,Under,Tyrese Haliburton,2.65,10.5,165
draftkings,player_assists_alternate,Over,Tyrese Haliburton,2.0,12.5,100
draftkings,player_assists_alternate,Under,Tyrese Haliburton,1.74,12.5,-135
draftkings,player_assists_alternate,Over,Tyrese Haliburton,2.6,13.5,160
draftkings,player_assists_alternate,Under,Tyrese Haliburton,1.44,13.5,-227
draftkings,player_assists_alternate,Over,Bradley Beal,6.0,7.5,500
draftkings,player_assists_alternate,Over,Devin Booker,3.85,9.5,285
draftkings,player_assists_alternate,Over,Devin Booker,9.0,11.5,800
draftkings,player_assists_alternate,Over,Grayson Allen,4.3,4.5,330
draftkings,player_assists_alternate,Over,Jusuf Nurkic,3.7,4.5,270
draftkings,player_assists_alternate,Over,Kevin Durant,6.5,7.5,550
draftkings,player_assists_alternate,Over,Tyrese Haliburton,1.26,9.5,-384
draftkings,player_assists_alternate,Over,Tyrese Haliburton,3.15,14.5,215
draftkings,player_blocks,Over,Bradley Beal,2.9,0.5,190
draftkings,player_blocks,Under,Bradley Beal,1.4,0.5,-250
draftkings,player_blocks,Over,Devin Booker,3.2,0.5,220
draftkings,player_blocks,Under,Devin Booker,1.34,0.5,-294
draftkings,player_blocks,Over,Grayson Allen,1.91,0.5,-109
draftkings,player_blocks,Under,Grayson Allen,1.83,0.5,-120
draftkings,player_blocks,Over,Jusuf Nurkic,1.51,0.5,-196
draftkings,player_blocks,Under,Jusuf Nurkic,2.5,0.5,150
draftkings,player_blocks,Over,Kevin Durant,1.45,0.5,-222
draftkings,player_blocks,Under,Kevin Durant,2.7,0.5,170
draftkings,player_blocks,Over,Tyrese Haliburton,2.6,0.5,160
draftkings,player_blocks,Under,Tyrese Haliburton,1.48,0.5,-208
draftkings,player_blocks_alternate,Over,Bradley Beal,2.85,0.5,185
draftkings,player_blocks_alternate,Over,Devin Booker,3.3,0.5,229
draftkings,player_blocks_alternate,Over,Grayson Allen,1.95,0.5,-105
draftkings,player_blocks_alternate,Over,Jusuf Nurkic,1.51,0.5,-196
draftkings,player_blocks_alternate,Over,Jusuf Nurkic,3.35,1.5,235
draftkings,player_blocks_alternate,Over,Kevin Durant,1.44,0.5,-227
draftkings,player_blocks_alternate,Over,Kevin Durant,3.0,1.5,200
draftkings,player_blocks_alternate,Over,Tyrese Haliburton,2.6,0.5,160
draftkings,player_points,Over,Bradley Beal,1.87,18.5,-114
draftkings,player_points,Under,Bradley Beal,1.87,18.5,-114
draftkings,player_points,Over,Devin Booker,1.83,27.5,-120
draftkings,player_points,Under,Devin Booker,1.91,27.5,-109
draftkings,player_points,Over,Grayson Allen,1.87,13.5,-114
draftkings,player_points,Under,Grayson Allen,1.87,13.5,-114
draftkings,player_points,Over,Jusuf Nurkic,1.83,11.5,-120
draftkings,player_points,Under,Jusuf Nurkic,1.91,11.5,-109
draftkings,player_points,Over,Kevin Durant,1.8,27.5,-125
draftkings,player_points,Under,Kevin Durant,1.95,27.5,-105
draftkings,player_points,Over,Tyrese Haliburton,1.74,20.5,-135
draftkings,player_points,Under,Tyrese Haliburton,2.05,20.5,104
draftkings,player_points_alternate,Over,Bradley Beal,1.54,16.5,-185
draftkings,player_points_alternate,Under,Bradley Beal,2.35,16.5,135
draftkings,player_points_alternate,Over,Bradley Beal,2.35,20.5,135
draftkings,player_points_alternate,Under,Bradley Beal,1.54,20.5,-185
draftkings,player_points_alternate,Over,Devin Booker,1.51,25.5,-196
draftkings,player_points_alternate,Under,Devin Booker,2.4,25.5,140
draftkings,player_points_alternate,Over,Devin Booker,1.62,26.5,-161
draftkings,player_points_alternate,Under,Devin Booker,2.15,26.5,114
draftkings,player_points_alternate,Over,Devin Booker,1.91,28.5,-109
draftkings,player_points_alternate,Under,Devin Booker,1.8,28.5,-125
draftkings,player_points_alternate,Over,Grayson Allen,1.67,12.5,-149
draftkings,player_points_alternate,Under,Grayson Allen,2.1,12.5,110
draftkings,player_points_alternate,Over,Grayson Allen,2.4,15.5,140
draftkings,player_points_alternate,Under,Grayson Allen,1.53,15.5,-188
draftkings,player_points_alternate,Over,Jusuf Nurkic,1.65,10.5,-153
draftkings,player_points_alternate,Under,Jusuf Nurkic,2.15,10.5,114
draftkings,player_points_alternate,Over,Jusuf Nurkic,2.15,12.5,114
draftkings,player_points_alternate,Under,Jusuf Nurkic,1.62,12.5,-161
draftkings,player_points_alternate,Over,Jusuf Nurkic,2.55,13.5,154
draftkings,player_points_alternate,Under,Jusuf Nurkic,1.47,13.5,-212
draftkings,player_points_alternate,Over,Kevin Durant,1.59,25.5,-169
draftkings,player_points_alternate,Under,Kevin Durant,2.25,25.5,125
draftkings,player_points_alternate,Over,Kevin Durant,1.69,26.5,-144
draftkings,player_points_alternate,Under,Kevin Durant,2.05,26.5,104
draftkings,player_points_alternate,Over,Kevin Durant,2.0,28.5,100
draftkings,player_points_alternate,Under,Kevin Durant,1.74,28.5,-135
draftkings,player_points_alternate,Over,Tyrese Haliburton,1.45,18.5,-222
draftkings,player_points_alternate,Under,Tyrese Haliburton,2.6,18.5,160
draftkings,player_points_alternate,Over,Tyrese Haliburton,1.87,21.5,-114
draftkings,player_points_alternate,Under,Tyrese Haliburton,1.87,21.5,-114
draftkings,player_points_alternate,Over,Tyrese Haliburton,2.05,22.5,104
draftkings,player_points_alternate,Under,Tyrese Haliburton,1.69,22.5,-144
draftkings,player_points_alternate,Over,Bradley Beal,1.33,14.5,-303
draftkings,player_points_alternate,Over,Bradley Beal,1.69,17.5,-144
draftkings,player_points_alternate,Over,Bradley Beal,2.1,19.5,110
draftkings,player_points_alternate,Over,Bradley Beal,4.1,24.5,309
draftkings,player_points_alternate,Over,Devin Booker,1.43,24.5,-232
draftkings,player_points_alternate,Over,Devin Booker,2.1,29.5,110
draftkings,player_points_alternate,Over,Devin Booker,3.55,34.5,254
draftkings,player_points_alternate,Over,Devin Booker,7.5,39.5,650
draftkings,player_points_alternate,Over,Grayson Allen,1.29,9.5,-344
draftkings,player_points_alternate,Over,Grayson Allen,1.51,11.5,-196
draftkings,player_points_alternate,Over,Grayson Allen,2.1,14.5,110
draftkings,player_points_alternate,Over,Grayson Allen,3.2,17.5,220
draftkings,player_points_alternate,Over,Grayson Allen,4.6,19.5,359
draftkings,player_points_alternate,Over,Jusuf Nurkic,1.43,9.5,-232
draftkings,player_points_alternate,Over,Jusuf Nurkic,3.05,14.5,204
draftkings,player_points_alternate,Over,Jusuf Nurkic,5.75,17.5,475
draftkings,player_points_alternate,Over,Kevin Durant,1.45,24.5,-222
draftkings,player_points_alternate,Over,Kevin Durant,2.15,29.5,114
draftkings,player_points_alternate,Over,Kevin Durant,3.75,34.5,275
draftkings,player_points_alternate,Over,Kevin Durant,7.5,39.5,650
draftkings,player_points_alternate,Over,Tyrese Haliburton,1.36,17.5,-277
draftkings,player_points_alternate,Over,Tyrese Haliburton,1.57,19.5,-175
draftkings,player_points_alternate,Over,Tyrese Haliburton,2.55,24.5,154
draftkings,player_points_alternate,Over,Tyrese Haliburton,5.0,29.5,400
draftkings,player_rebounds,Over,Bradley Beal,2.0,4.5,100
draftkings,player_rebounds,Under,Bradley Beal,1.77,4.5,-129
draftkings,player_rebounds,Over,Devin Booker,1.87,4.5,-114
draftkings,player_rebounds,Under,Devin Booker,1.87,4.5,-114
draftkings,player_rebounds,Over,Grayson Allen,1.62,3.5,-161
draftkings,player_rebounds,Under,Grayson Allen,2.24,3.5,124
draftkings,player_rebounds,Over,Jusuf Nurkic,1.71,11.5,-140
draftkings,player_rebounds,Under,Jusuf Nurkic,2.1,11.5,110
draftkings,player_rebounds,Over,Kevin Durant,2.1,6.5,110
draftkings,player_rebounds,Under,Kevin Durant,1.71,6.5,-140
draftkings,player_rebounds,Over,Tyrese Haliburton,1.8,3.5,-125
draftkings,player_rebounds,Under,Tyrese Haliburton,1.95,3.5,-105
draftkings,player_rebounds_alternate,Under,Bradley Beal,4.6,2.5,359
draftkings,player_rebounds_alternate,Over,Bradley Beal,1.44,3.5,-227
draftkings,player_rebounds_alternate,Under,Bradley Beal,2.6,3.5,160
draftkings,player_rebounds_alternate,Over,Bradley Beal,2.9,5.5,190
draftkings,player_rebounds_alternate,Under,Bradley Beal,1.37,5.5,-270
draftkings,player_rebounds_alternate,Over,Bradley Beal,4.7,6.5,370
draftkings,player_rebounds_alternate,Under,Devin Booker,5.0,2.5,400
draftkings,player_rebounds_alternate,Over,Devin Booker,1.4,3.5,-250
draftkings,player_rebounds_alternate,Under,Devin Booker,2.75,3.5,175
draftkings,player_rebounds_alternate,Over,Devin Booker,2.65,5.5,165
draftkings,player_rebounds_alternate,Under,Devin Booker,1.43,5.5,-232
draftkings,player_rebounds_alternate,Over,Devin Booker,4.2,6.5,320
draftkings,player_rebounds_alternate,Under,Grayson Allen,8.5,1.5,750
draftkings,player_rebounds_alternate,Under,Grayson Allen,3.75,2.5,275
draftkings,player_rebounds_alternate,Over,Grayson Allen,3.7,5.5,270
draftkings,player_rebounds_alternate,Over,Jusuf Nurkic,1.47,10.5,-212
draftkings,player_rebounds_alternate,Under,Jusuf Nurkic,2.55,10.5,154
draftkings,player_rebounds_alternate,Over,Jusuf Nurkic,2.05,12.5,104
draftkings,player_rebounds_alternate,Under,Jusuf Nurkic,1.69,12.5,-144
draftkings,player_rebounds_alternate,Over,Jusuf Nurkic,2.55,13.5,154
draftkings,player_rebounds_alternate,Under,Jusuf Nurkic,1.47,13.5,-212
draftkings,player_rebounds_alternate,Over,Kevin Durant,1.57,5.5,-175
draftkings,player_rebounds_alternate,Under,Kevin Durant,2.25,5.5,125
draftkings,player_rebounds_alternate,Over,Kevin Durant,4.3,8.5,330
draftkings,player_rebounds_alternate,Under,Tyrese Haliburton,7.0,1.5,600
draftkings,player_rebounds_alternate,Over,Tyrese Haliburton,1.32,2.5,-312
draftkings,player_rebounds_alternate,Under,Tyrese Haliburton,3.15,2.5,215
draftkings,player_rebounds_alternate,Over,Tyrese Haliburton,4.4,5.5,340
draftkings,player_rebounds_alternate,Over,Bradley Beal,8.0,7.5,700
draftkings,player_rebounds_alternate,Over,Devin Booker,7.0,7.5,600
draftkings,player_rebounds_alternate,Over,Grayson Allen,2.3,4.5,129
draftkings,player_rebounds_alternate,Over,Grayson Allen,12.0,7.5,1100
draftkings,player_rebounds_alternate,Over,Jusuf Nurkic,1.27,9.5,-370
draftkings,player_rebounds_alternate,Over,Jusuf Nurkic,3.25,14.5,225
draftkings,player_rebounds_alternate,Over,Kevin Durant,1.29,4.5,-344
draftkings,player_rebounds_alternate,Over,Kevin Durant,2.85,7.5,185
draftkings,player_rebounds_alternate,Over,Kevin Durant,6.5,9.5,550
draftkings,player_rebounds_alternate,Over,Tyrese Haliburton,2.65,4.5,165
draftkings,player_steals,Over,Bradley Beal,1.45,0.5,-222
draftkings,player_steals,Under,Bradley Beal,2.7,0.5,170
draftkings,player_steals,Over,Devin Booker,1.62,0.5,-161
draftkings,player_steals,Under,Devin Booker,2.24,0.5,124
draftkings,player_steals,Over,Grayson Allen,1.53,0.5,-188
draftkings,player_steals,Under,Grayson Allen,2.45,0.5,145
draftkings,player_steals,Over,Jusuf Nurkic,1.69,0.5,-144
draftkings,player_steals,Under,Jusuf Nurkic,2.14,0.5,114
draftkings,player_steals,Over,Kevin Durant,1.62,0.5,-161
draftkings,player_steals,Under,Kevin Durant,2.24,0.5,124
draftkings,player_steals,Over,Tyrese Haliburton,1.48,0.5,-208
draftkings,player_steals,Under,Tyrese Haliburton,2.6,0.5,160
draftkings,player_steals_alternate,Over,Bradley Beal,1.45,0.5,-222
draftkings,player_steals_alternate,Over,Bradley Beal,3.05,1.5,204
draftkings,player_steals_alternate,Over,Devin Booker,1.65,0.5,-153
draftkings,player_steals_alternate,Over,Devin Booker,3.95,1.5,295
draftkings,player_steals_alternate,Over,Grayson Allen,1.51,0.5,-196
draftkings,player_steals_alternate,Over,Grayson Allen,3.4,1.5,240
draftkings,player_steals_alternate,Over,Jusuf Nurkic,1.69,0.5,-144
draftkings,player_steals_alternate,Over,Jusuf Nurkic,4.3,1.5,330
draftkings,player_steals_alternate,Over,Kevin Durant,1.61,0.5,-163
draftkings,player_steals_alternate,Over,Kevin Durant,4.0,1.5,300
draftkings,player_steals_alternate,Over,Tyrese Haliburton,1.5,0.5,-200
draftkings,player_steals_alternate,Over,Tyrese Haliburton,3.3,1.5,229
draftkings,player_threes,Over,Bradley Beal,2.05,1.5,104
draftkings,player_threes,Under,Bradley Beal,1.74,1.5,-135
draftkings,player_threes,Over,Devin Booker,2.1,2.5,110
draftkings,player_threes,Under,Devin Booker,1.71,2.5,-140
draftkings,player_threes,Over,Grayson Allen,1.77,2.5,-129
draftkings,player_threes,Under,Grayson Allen,2.0,2.5,100
draftkings,player_threes,Over,Jusuf Nurkic,2.9,0.5,190
draftkings,player_threes,Under,Jusuf Nurkic,1.4,0.5,-250
draftkings,player_threes,Over,Kevin Durant,2.14,2.5,114
draftkings,player_threes,Under,Kevin Durant,1.69,2.5,-144
draftkings,player_threes,Over,Tyrese Haliburton,1.71,2.5,-140
draftkings,player_threes,Under,Tyrese Haliburton,2.1,2.5,110
draftkings,player_threes_alternate,Over,Bradley Beal,3.9,2.5,290
draftkings,player_threes_alternate,Over,Devin Booker,1.34,1.5,-294
draftkings,player_threes_alternate,Over,Devin Booker,3.5,3.5,250
draftkings,player_threes_alternate,Over,Grayson Allen,2.55,3.5,154
draftkings,player_threes_alternate,Over,Grayson Allen,4.6,4.5,359
draftkings,player_threes_alternate,Over,Kevin Durant,1.37,1.5,-270
draftkings,player_threes_alternate,Over,Kevin Durant,3.65,3.5,265
draftkings,player_threes_alternate,Over,Tyrese Haliburton,2.6,3.5,160
draftkings,player_threes_alternate,Over,Tyrese Haliburton,4.6,4.5,359
draftkings,player_turnovers,Over,Bradley Beal,1.57,1.5,-175
draftkings,player_turnovers,Under,Bradley Beal,2.35,1.5,135
draftkings,player_turnovers,Over,Devin Booker,2.05,2.5,104
draftkings,player_turnovers,Under,Devin Booker,1.74,2.5,-135
draftkings,player_turnovers,Over,Grayson Allen,2.54,1.5,154
draftkings,player_turnovers,Under,Grayson Allen,1.5,1.5,-200
draftkings,player_turnovers,Over,Jusuf Nurkic,2.3,1.5,129
draftkings,player_turnovers,Under,Jusuf Nurkic,1.6,1.5,-166
draftkings,player_turnovers,Over,Kevin Durant,1.83,2.5,-120
draftkings,player_turnovers,Under,Kevin Durant,1.91,2.5,-109
draftkings,player_turnovers,Over,Tyrese Haliburton,2.35,2.5,135
draftkings,player_turnovers,Under,Tyrese Haliburton,1.57,2.5,-175
draftkings,player_assists,Over,Anfernee Simons,2.0,5.5,100
draftkings,player_assists,Under,Anfernee Simons,1.77,5.5,-129
draftkings,player_assists,Over,Anthony Davis,2.24,4.5,124
draftkings,player_assists,Under,Anthony Davis,1.62,4.5,-161
draftkings,player_assists_alternate,Under,Anfernee Simons,4.0,3.5,300
draftkings,player_assists_alternate,Over,Anfernee Simons,2.8,6.5,179
draftkings,player_assists_alternate,Under,Anfernee Simons,1.4,6.5,-250
draftkings,player_assists_alternate,Under,Anthony Davis,3.9,2.5,290
draftkings,player_assists_alternate,Over,Anthony Davis,1.57,3.5,-175
draftkings,player_assists_alternate,Under,Anthony Davis,2.25,3.5,125
draftkings,player_assists_alternate,Over,Anthony Davis,3.45,5.5,245
draftkings,player_assists_alternate,Under,Anthony Davis,1.29,5.5,-344
draftkings,player_assists_alternate,Over,Anthony Davis,6.0,6.5,500
draftkings,player_assists_alternate,Over,Anfernee Simons,1.49,4.5,-204
draftkings,player_assists_alternate,Over,Anfernee Simons,4.3,7.5,330
draftkings,player_assists_alternate,Over,Anfernee Simons,12.0,9.5,1100
draftkings,player_assists_alternate,Over,Anthony Davis,11.0,7.5,1000
draftkings,player_blocks,Over,Anfernee Simons,5.5,0.5,450
draftkings,player_blocks,Over,Anthony Davis,2.0,2.5,100
draftkings,player_blocks,Under,Anthony Davis,1.77,2.5,-129
draftkings,player_blocks_alternate,Over,Anthony Davis,1.35,1.5,-285
draftkings,player_blocks_alternate,Over,Anthony Davis,2.0,2.5,100
draftkings,player_points,Over,Anfernee Simons,1.83,22.5,-120
draftkings,player_points,Under,Anfernee Simons,1.91,22.5,-109
draftkings,player_points,Over,Anthony Davis,1.87,26.5,-114
draftkings,player_points,Under,Anthony Davis,1.87,26.5,-114
draftkings,player_points_alternate,Over,Anfernee Simons,1.53,20.5,-188
draftkings,player_points_alternate,Under,Anfernee Simons,2.35,20.5,135
draftkings,player_points_alternate,Over,Anfernee Simons,1.65,21.5,-153
draftkings,player_points_alternate,Under,Anfernee Simons,2.1,21.5,110
draftkings,player_points_alternate,Over,Anfernee Simons,1.95,23.5,-105
draftkings,player_points_alternate,Under,Anfernee Simons,1.77,23.5,-129
draftkings,player_points_alternate,Over,Anthony Davis,1.69,25.5,-144
draftkings,player_points_alternate,Under,Anthony Davis,2.05,25.5,104
draftkings,player_points_alternate,Over,Anthony Davis,2.0,27.5,100
draftkings,player_points_alternate,Under,Anthony Davis,1.71,27.5,-140
draftkings,player_points_alternate,Over,Anthony Davis,2.25,28.5,125
draftkings,player_points_alternate,Under,Anthony Davis,1.59,28.5,-169
draftkings,player_points_alternate,Over,Anfernee Simons,1.27,17.5,-370
draftkings,player_points_alternate,Over,Anfernee Simons,1.43,19.5,-232
draftkings,player_points_alternate,Over,Anfernee Simons,2.15,24.5,114
draftkings,player_points_alternate,Over,Anfernee Simons,3.9,29.5,290
draftkings,player_points_alternate,Over,Anfernee Simons,8.5,34.5,750
draftkings,player_points_alternate,Over,Anthony Davis,1.56,24.5,-178
draftkings,player_points_alternate,Over,Anthony Davis,2.5,29.5,150
draftkings,player_points_alternate,Over,Anthony Davis,4.9,34.5,390
draftkings,player_rebounds,Over,Anfernee Simons,1.62,2.5,-161
draftkings,player_rebounds,Under,Anfernee Simons,2.24,2.5,124
draftkings,player_rebounds,Over,Anthony Davis,1.87,12.5,-114
draftkings,player_rebounds,Under,Anthony Davis,1.87,12.5,-114
draftkings,player_rebounds_alternate,Under,Anfernee Simons,3.95,1.5,295
draftkings,player_rebounds_alternate,Over,Anfernee Simons,2.5,3.5,150
draftkings,player_rebounds_alternate,Under,Anfernee Simons,1.49,3.5,-204
draftkings,player_rebounds_alternate,Over,Anfernee Simons,9.0,5.5,800
draftkings,player_rebounds_alternate,Over,Anthony Davis,1.38,10.5,-263
draftkings,player_rebounds_alternate,Under,Anthony Davis,2.85,10.5,185
draftkings,player_rebounds_alternate,Over,Anthony Davis,2.3,13.5,129
draftkings,player_rebounds_alternate,Under,Anthony Davis,1.56,13.5,-178
draftkings,player_rebounds_alternate,Over,Anfernee Simons,4.7,4.5,370
draftkings,player_rebounds_alternate,Over,Anthony Davis,1.56,11.5,-178
draftkings,player_rebounds_alternate,Over,Anthony Davis,2.9,14.5,190
draftkings,player_steals,Over,Anfernee Simons,1.8,0.5,-125
draftkings,player_steals,Under,Anfernee Simons,1.95,0.5,-105
draftkings,player_steals,Over,Anthony Davis,2.35,1.5,135
draftkings,player_steals,Under,Anthony Davis,1.57,1.5,-175
draftkings,player_steals_alternate,Over,Anfernee Simons,1.83,0.5,-120
draftkings,player_steals_alternate,Over,Anthony Davis,1.3,0.5,-333
draftkings,player_steals_alternate,Over,Anthony Davis,2.4,1.5,140
draftkings,player_threes,Over,Anfernee Simons,1.91,3.5,-109
draftkings,player_threes,Under,Anfernee Simons,1.83,3.5,-120
draftkings,player_threes,Over,Anthony Davis,3.2,0.5,220
draftkings,player_threes,Under,Anthony Davis,1.34,0.5,-294
draftkings,player_threes_alternate,Over,Anfernee Simons,1.35,2.5,-285
draftkings,player_threes_alternate,Over,Anfernee Simons,2.9,4.5,190
draftkings,player_threes_alternate,Over,Anfernee Simons,4.9,5.5,390
draftkings,player_turnovers,Over,Anfernee Simons,2.1,2.5,110
draftkings,player_turnovers,Under,Anfernee Simons,1.71,2.5,-140
draftkings,player_turnovers,Over,Anthony Davis,2.3,2.5,129
draftkings,player_turnovers,Under,Anthony Davis,1.6,2.5,-166
