sports_book,bet_type,over/under,player_names,odds,stat_threshold
fanduel,player_assists,Over,Darius Garland,2.62,8.5
fanduel,player_assists,Under,Darius Garland,1.45,8.5
fanduel,player_assists,Over,Tyrese Maxey,2.68,4.5
fanduel,player_assists,Under,Tyrese Maxey,1.43,4.5
fanduel,player_points_assists,Over,Darius Garland,2.04,34.5
fanduel,player_points_assists,Under,Darius Garland,1.72,34.5
fanduel,player_points_assists,Over,Tyrese Maxey,1.76,29.5
fanduel,player_points_assists,Under,Tyrese Maxey,2.0,29.5
fanduel,player_points_assists,Over,Joel Embiid,1.88,34.5
fanduel,player_points_assists,Under,Joel Embiid,1.88,34.5
fanduel,player_points_rebounds,Over,Darius Garland,2.0,29.5
fanduel,player_points_rebounds,Under,Darius Garland,1.76,29.5
fanduel,player_points_rebounds,Over,Tobias Harris,1.72,22.5
fanduel,player_points_rebounds,Under,Tobias Harris,2.04,22.5
fanduel,player_points_rebounds,Over,Evan Mobley,1.91,26.5
fanduel,player_points_rebounds,Under,Evan Mobley,1.83,26.5
fanduel,player_points_rebounds,Over,Joel Embiid,1.76,39.5
fanduel,player_points_rebounds,Under,Joel Embiid,2.0,39.5
fanduel,player_points_rebounds,Over,Tyrese Maxey,1.98,29.5
fanduel,player_points_rebounds,Under,Tyrese Maxey,1.77,29.5
fanduel,player_points_rebounds_assists,Over,Darius Garland,1.8,37.5
fanduel,player_points_rebounds_assists,Under,Darius Garland,1.94,37.5
fanduel,player_points_rebounds_assists,Over,Joel Embiid,1.78,45.5
fanduel,player_points_rebounds_assists,Under,Joel Embiid,1.96,45.5
fanduel,player_points_rebounds_assists,Over,Tyrese Maxey,1.88,33.5
fanduel,player_points_rebounds_assists,Under,Tyrese Maxey,1.85,33.5
fanduel,player_points_rebounds_assists,Over,Evan Mobley,1.66,28.5
fanduel,player_points_rebounds_assists,Under,Evan Mobley,2.14,28.5
fanduel,player_rebounds,Over,Joel Embiid,1.52,10.5
fanduel,player_rebounds,Under,Joel Embiid,2.42,10.5
fanduel,player_rebounds,Over,Jarrett Allen,1.76,9.5
fanduel,player_rebounds,Under,Jarrett Allen,2.0,9.5
fanduel,player_rebounds,Over,Evan Mobley,2.06,9.5
fanduel,player_rebounds,Under,Evan Mobley,1.71,9.5
fanduel,player_rebounds_assists,Over,Joel Embiid,1.65,16.5
fanduel,player_rebounds_assists,Under,Joel Embiid,2.16,16.5
fanduel,player_assists,Over,Trae Young,2.3,8.5
fanduel,player_assists,Under,Trae Young,1.57,8.5
fanduel,player_points_assists,Over,Buddy Hield,1.74,15.5
fanduel,player_points_assists,Under,Buddy Hield,2.02,15.5
fanduel,player_points_rebounds,Over,Buddy Hield,1.93,17.5
fanduel,player_points_rebounds,Under,Buddy Hield,1.82,17.5
fanduel,player_points_rebounds_assists,Over,Buddy Hield,2.04,19.5
fanduel,player_points_rebounds_assists,Under,Buddy Hield,1.72,19.5
fanduel,player_rebounds,Over,Jalen Johnson,1.91,7.5
fanduel,player_rebounds,Under,Jalen Johnson,1.83,7.5
fanduel,player_rebounds_assists,Over,Jalen Johnson,2.06,13.5
fanduel,player_rebounds_assists,Under,Jalen Johnson,1.71,13.5
fanduel,player_rebounds_assists,Over,Trae Young,2.0,10.5
fanduel,player_rebounds_assists,Under,Trae Young,1.76,10.5
fanduel,player_assists,Over,Jerami Grant,1.94,3.5
fanduel,player_assists,Under,Jerami Grant,1.8,3.5
fanduel,player_points,Over,Kevin Durant,1.88,32.5
fanduel,player_points,Under,Kevin Durant,1.88,32.5
fanduel,player_points,Over,Devin Booker,1.85,23.5
fanduel,player_points,Under,Devin Booker,1.93,23.5
fanduel,player_points,Over,Malcolm Brogdon,1.78,10.5
fanduel,player_points,Under,Malcolm Brogdon,2.0,10.5
fanduel,player_points,Over,Deandre Ayton,1.82,20.5
fanduel,player_points,Under,Deandre Ayton,1.96,20.5
fanduel,player_points,Over,Jerami Grant,1.98,18.5
fanduel,player_points,Under,Jerami Grant,1.8,18.5
fanduel,player_points,Over,Shaedon Sharpe,1.87,12.5
fanduel,player_points,Under,Shaedon Sharpe,1.9,12.5
fanduel,player_points,Over,Grayson Allen,1.74,11.5
fanduel,player_points,Under,Grayson Allen,2.06,11.5
fanduel,player_points,Over,Jusuf Nurkic,1.7,8.5
fanduel,player_points,Under,Jusuf Nurkic,2.12,8.5
fanduel,player_points,Over,Eric Gordon,2.04,13.5
fanduel,player_points,Under,Eric Gordon,1.76,13.5
fanduel,player_points_assists,Over,Drew Eubanks,1.94,8.5
fanduel,player_points_assists,Under,Drew Eubanks,1.8,8.5
fanduel,player_points_assists,Over,Toumani Camara,1.77,5.5
fanduel,player_points_assists,Under,Toumani Camara,1.98,5.5
fanduel,player_points_assists,Over,Kevin Durant,1.8,38.5
fanduel,player_points_assists,Under,Kevin Durant,1.94,38.5
fanduel,player_points_assists,Over,Matisse Thybulle,1.96,4.5
fanduel,player_points_assists,Under,Matisse Thybulle,1.78,4.5
fanduel,player_points_assists,Over,Deandre Ayton,1.96,22.5
fanduel,player_points_assists,Under,Deandre Ayton,1.78,22.5
fanduel,player_points_assists,Over,Devin Booker,1.96,34.5
fanduel,player_points_assists,Under,Devin Booker,1.78,34.5
fanduel,player_points_assists,Over,Grayson Allen,1.93,13.5
fanduel,player_points_assists,Under,Grayson Allen,1.82,13.5
fanduel,player_points_assists,Over,Jerami Grant,1.94,22.5
fanduel,player_points_assists,Under,Jerami Grant,1.8,22.5
fanduel,player_points_assists,Over,Eric Gordon,1.89,14.5
fanduel,player_points_assists,Under,Eric Gordon,1.85,14.5
fanduel,player_points_rebounds,Over,Deandre Ayton,1.76,31.5
fanduel,player_points_rebounds,Under,Deandre Ayton,2.0,31.5
fanduel,player_points_rebounds,Over,Drew Eubanks,1.77,10.5
fanduel,player_points_rebounds,Under,Drew Eubanks,1.98,10.5
fanduel,player_points_rebounds,Over,Kevin Durant,1.88,38.5
fanduel,player_points_rebounds,Under,Kevin Durant,1.88,38.5
fanduel,player_points_rebounds,Over,Jerami Grant,1.8,20.5
fanduel,player_points_rebounds,Under,Jerami Grant,1.96,20.5
fanduel,player_points_rebounds,Over,Devin Booker,1.94,29.5
fanduel,player_points_rebounds,Under,Devin Booker,1.8,29.5
fanduel,player_points_rebounds,Over,Eric Gordon,1.96,15.5
fanduel,player_points_rebounds,Under,Eric Gordon,1.78,15.5
fanduel,player_points_rebounds,Over,Toumani Camara,1.98,9.5
fanduel,player_points_rebounds,Under,Toumani Camara,1.77,9.5
fanduel,player_points_rebounds,Over,Grayson Allen,1.89,16.5
fanduel,player_points_rebounds,Under,Grayson Allen,1.85,16.5
fanduel,player_points_rebounds,Over,Matisse Thybulle,2.08,7.5
fanduel,player_points_rebounds,Under,Matisse Thybulle,1.69,7.5
fanduel,player_points_rebounds_assists,Over,Kevin Durant,1.88,44.5
fanduel,player_points_rebounds_assists,Under,Kevin Durant,1.88,44.5
fanduel,player_points_rebounds_assists,Over,Toumani Camara,1.94,10.5
fanduel,player_points_rebounds_assists,Under,Toumani Camara,1.8,10.5
fanduel,player_points_rebounds_assists,Over,Drew Eubanks,1.74,11.5
fanduel,player_points_rebounds_assists,Under,Drew Eubanks,2.02,11.5
fanduel,player_points_rebounds_assists,Over,Devin Booker,1.91,39.5
fanduel,player_points_rebounds_assists,Under,Devin Booker,1.83,39.5
fanduel,player_points_rebounds_assists,Over,Eric Gordon,1.74,16.5
fanduel,player_points_rebounds_assists,Under,Eric Gordon,2.02,16.5
fanduel,player_points_rebounds_assists,Over,Grayson Allen,1.74,17.5
fanduel,player_points_rebounds_assists,Under,Grayson Allen,2.02,17.5
fanduel,player_points_rebounds_assists,Over,Jerami Grant,1.88,25.5
fanduel,player_points_rebounds_assists,Under,Jerami Grant,1.85,25.5
fanduel,player_points_rebounds_assists,Over,Matisse Thybulle,2.02,8.5
fanduel,player_points_rebounds_assists,Under,Matisse Thybulle,1.74,8.5
fanduel,player_points_rebounds_assists,Over,Deandre Ayton,1.77,33.5
fanduel,player_points_rebounds_assists,Under,Deandre Ayton,1.98,33.5
fanduel,player_rebounds,Over,Matisse Thybulle,1.77,3.5
fanduel,player_rebounds,Under,Matisse Thybulle,1.98,3.5
fanduel,player_rebounds,Over,Drew Eubanks,2.0,3.5
fanduel,player_rebounds,Under,Drew Eubanks,1.76,3.5
fanduel,player_rebounds,Over,Grayson Allen,2.0,4.5
fanduel,player_rebounds,Under,Grayson Allen,1.76,4.5
fanduel,player_rebounds,Over,Eric Gordon,2.08,2.5
fanduel,player_rebounds,Under,Eric Gordon,1.69,2.5
fanduel,player_rebounds,Over,Devin Booker,2.36,5.5
fanduel,player_rebounds,Under,Devin Booker,1.55,5.5
fanduel,player_rebounds,Over,Jerami Grant,1.57,2.5
fanduel,player_rebounds,Under,Jerami Grant,2.3,2.5
fanduel,player_rebounds,Over,Toumani Camara,2.04,4.5
fanduel,player_rebounds,Under,Toumani Camara,1.72,4.5
fanduel,player_rebounds,Over,Kevin Durant,1.83,5.5
fanduel,player_rebounds,Under,Kevin Durant,1.91,5.5
fanduel,player_rebounds,Over,Deandre Ayton,1.88,11.5
fanduel,player_rebounds,Under,Deandre Ayton,1.88,11.5
fanduel,player_rebounds_assists,Over,Eric Gordon,2.28,4.5
fanduel,player_rebounds_assists,Under,Eric Gordon,1.58,4.5
fanduel,player_rebounds_assists,Over,Deandre Ayton,1.91,13.5
fanduel,player_rebounds_assists,Under,Deandre Ayton,1.83,13.5
fanduel,player_rebounds_assists,Over,Toumani Camara,1.98,5.5
fanduel,player_rebounds_assists,Under,Toumani Camara,1.77,5.5
fanduel,player_rebounds_assists,Over,Jerami Grant,1.89,7.5
fanduel,player_rebounds_assists,Under,Jerami Grant,1.85,7.5
fanduel,player_rebounds_assists,Over,Matisse Thybulle,1.76,4.5
fanduel,player_rebounds_assists,Under,Matisse Thybulle,2.0,4.5
fanduel,player_rebounds_assists,Over,Devin Booker,2.06,15.5
fanduel,player_rebounds_assists,Under,Devin Booker,1.71,15.5
fanduel,player_rebounds_assists,Over,Drew Eubanks,1.89,4.5
fanduel,player_rebounds_assists,Under,Drew Eubanks,1.85,4.5
fanduel,player_rebounds_assists,Over,Grayson Allen,1.63,5.5
fanduel,player_rebounds_assists,Under,Grayson Allen,2.16,5.5
fanduel,player_rebounds_assists,Over,Kevin Durant,1.82,11.5
fanduel,player_rebounds_assists,Under,Kevin Durant,1.93,11.5
fanduel,player_threes,Over,Jerami Grant,1.88,2.5
fanduel,player_threes,Under,Jerami Grant,1.88,2.5
fanduel,player_threes,Over,Kevin Durant,2.1,2.5
fanduel,player_threes,Under,Kevin Durant,1.68,2.5
fanduel,player_threes,Over,Malcolm Brogdon,2.08,1.5
fanduel,player_threes,Under,Malcolm Brogdon,1.69,1.5
fanduel,player_threes,Over,Grayson Allen,2.08,1.5
fanduel,player_threes,Under,Grayson Allen,1.69,1.5
fanduel,player_threes,Over,Devin Booker,1.83,1.5
fanduel,player_threes,Under,Devin Booker,1.91,1.5
fanduel,player_threes,Over,Shaedon Sharpe,2.24,1.5
fanduel,player_threes,Under,Shaedon Sharpe,1.6,1.5
fanduel,player_threes,Over,Eric Gordon,1.93,2.5
fanduel,player_threes,Under,Eric Gordon,1.82,2.5
fanduel,player_assists,Over,Collin Sexton,1.78,2.5
fanduel,player_assists,Under,Collin Sexton,2.04,2.5
fanduel,player_assists,Over,Jordan Clarkson,1.82,4.5
fanduel,player_assists,Under,Jordan Clarkson,2.0,4.5
fanduel,player_assists,Over,Austin Reaves,1.96,4.5
fanduel,player_assists,Under,Austin Reaves,1.85,4.5
fanduel,player_assists,Over,D'Angelo Russell,2.12,6.5
fanduel,player_assists,Under,D'Angelo Russell,1.72,6.5
fanduel,player_assists,Over,Keyonte George,2.04,6.5
fanduel,player_assists,Under,Keyonte George,1.78,6.5
fanduel,player_assists,Over,Kelly Olynyk,2.24,3.5
fanduel,player_assists,Under,Kelly Olynyk,1.66,3.5
fanduel,player_assists,Over,Anthony Davis,1.62,2.5
fanduel,player_assists,Under,Anthony Davis,2.32,2.5
fanduel,player_assists,Over,LeBron James,2.14,7.5
fanduel,player_assists,Under,LeBron James,1.71,7.5
fanduel,player_points,Over,Ochai Agbaji,1.75,6.5
fanduel,player_points,Under,Ochai Agbaji,2.1,6.5
fanduel,player_points,Over,Anthony Davis,1.98,24.5
fanduel,player_points,Under,Anthony Davis,1.83,24.5
fanduel,player_points,Over,Lauri Markkanen,1.85,23.5
fanduel,player_points,Under,Lauri Markkanen,1.96,23.5
fanduel,player_points,Over,Kelly Olynyk,1.82,6.5
fanduel,player_points,Under,Kelly Olynyk,2.0,6.5
fanduel,player_points,Over,LeBron James,1.87,25.5
fanduel,player_points,Under,LeBron James,1.95,25.5
fanduel,player_points,Over,Austin Reaves,2.04,12.5
fanduel,player_points,Under,Austin Reaves,1.78,12.5
fanduel,player_points,Over,John Collins,1.94,14.5
fanduel,player_points,Under,John Collins,1.88,14.5
fanduel,player_points,Over,Keyonte George,1.91,9.5
fanduel,player_points,Under,Keyonte George,1.89,9.5
fanduel,player_points,Over,Jordan Clarkson,1.87,21.5
fanduel,player_points,Under,Jordan Clarkson,1.95,21.5
fanduel,player_points,Over,Taurean Prince,2.04,9.5
fanduel,player_points,Under,Taurean Prince,1.78,9.5
fanduel,player_points,Over,Cam Reddish,1.91,10.5
fanduel,player_points,Under,Cam Reddish,1.91,10.5
fanduel,player_points,Over,Collin Sexton,1.93,11.5
fanduel,player_points,Under,Collin Sexton,1.89,11.5
fanduel,player_points,Over,D'Angelo Russell,1.87,15.5
fanduel,player_points,Under,D'Angelo Russell,1.95,15.5
fanduel,player_points,Over,Rui Hachimura,2.02,10.5
fanduel,player_points,Under,Rui Hachimura,1.81,10.5
fanduel,player_points_assists,Over,Kelly Olynyk,2.02,10.5
fanduel,player_points_assists,Under,Kelly Olynyk,1.77,10.5
fanduel,player_points_assists,Over,Jordan Clarkson,1.87,26.5
fanduel,player_points_assists,Under,Jordan Clarkson,1.9,26.5
fanduel,player_points_assists,Over,Anthony Davis,1.96,27.5
fanduel,player_points_assists,Under,Anthony Davis,1.82,27.5
fanduel,player_points_assists,Over,LeBron James,1.8,32.5
fanduel,player_points_assists,Under,LeBron James,1.98,32.5
fanduel,player_points_assists,Over,Keyonte George,1.7,15.5
fanduel,player_points_assists,Under,Keyonte George,2.12,15.5
fanduel,player_points_assists,Over,Collin Sexton,1.94,14.5
fanduel,player_points_assists,Under,Collin Sexton,1.83,14.5
fanduel,player_points_assists,Over,D'Angelo Russell,2.0,22.5
fanduel,player_points_assists,Under,D'Angelo Russell,1.78,22.5
fanduel,player_points_assists,Over,Austin Reaves,1.82,16.5
fanduel,player_points_assists,Under,Austin Reaves,1.96,16.5
fanduel,player_points_rebounds,Over,Ochai Agbaji,2.0,11.5
fanduel,player_points_rebounds,Under,Ochai Agbaji,1.78,11.5
fanduel,player_points_rebounds,Over,Anthony Davis,1.87,35.5
fanduel,player_points_rebounds,Under,Anthony Davis,1.9,35.5
fanduel,player_points_rebounds,Over,Kelly Olynyk,1.77,12.5
fanduel,player_points_rebounds,Under,Kelly Olynyk,2.02,12.5
fanduel,player_points_rebounds,Over,John Collins,1.93,23.5
fanduel,player_points_rebounds,Under,John Collins,1.85,23.5
fanduel,player_points_rebounds,Over,Jordan Clarkson,1.94,26.5
fanduel,player_points_rebounds,Under,Jordan Clarkson,1.83,26.5
fanduel,player_points_rebounds,Over,Lauri Markkanen,1.8,32.5
fanduel,player_points_rebounds,Under,Lauri Markkanen,1.98,32.5
fanduel,player_points_rebounds,Over,Austin Reaves,1.93,16.5
fanduel,player_points_rebounds,Under,Austin Reaves,1.85,16.5
fanduel,player_points_rebounds,Over,D'Angelo Russell,1.83,18.5
fanduel,player_points_rebounds,Under,D'Angelo Russell,1.94,18.5
fanduel,player_points_rebounds,Over,Keyonte George,2.0,13.5
fanduel,player_points_rebounds,Under,Keyonte George,1.78,13.5
fanduel,player_points_rebounds,Over,LeBron James,1.82,33.5
fanduel,player_points_rebounds,Under,LeBron James,1.96,33.5
fanduel,player_points_rebounds,Over,Cam Reddish,1.9,13.5
fanduel,player_points_rebounds,Under,Cam Reddish,1.87,13.5
fanduel,player_points_rebounds_assists,Over,LeBron James,1.96,41.5
fanduel,player_points_rebounds_assists,Under,LeBron James,1.83,41.5
fanduel,player_points_rebounds_assists,Over,Anthony Davis,1.85,38.5
fanduel,player_points_rebounds_assists,Under,Anthony Davis,1.93,38.5
fanduel,player_points_rebounds_assists,Over,Kelly Olynyk,1.96,16.5
fanduel,player_points_rebounds_assists,Under,Kelly Olynyk,1.82,16.5
fanduel,player_points_rebounds_assists,Over,Jordan Clarkson,1.98,31.5
fanduel,player_points_rebounds_assists,Under,Jordan Clarkson,1.8,31.5
fanduel,player_points_rebounds_assists,Over,Keyonte George,1.87,19.5
fanduel,player_points_rebounds_assists,Under,Keyonte George,1.9,19.5
fanduel,player_points_rebounds_assists,Over,Austin Reaves,2.0,21.5
fanduel,player_points_rebounds_assists,Under,Austin Reaves,1.78,21.5
fanduel,player_points_rebounds_assists,Over,D'Angelo Russell,1.96,25.5
fanduel,player_points_rebounds_assists,Under,D'Angelo Russell,1.83,25.5
fanduel,player_rebounds,Over,Ochai Agbaji,1.71,3.5
fanduel,player_rebounds,Under,Ochai Agbaji,2.14,3.5
fanduel,player_rebounds,Over,Anthony Davis,1.95,11.5
fanduel,player_rebounds,Under,Anthony Davis,1.87,11.5
fanduel,player_rebounds,Over,John Collins,1.82,8.5
fanduel,player_rebounds,Under,John Collins,2.0,8.5
fanduel,player_rebounds,Over,Cam Reddish,1.77,2.5
fanduel,player_rebounds,Under,Cam Reddish,2.06,2.5
fanduel,player_rebounds,Over,Austin Reaves,1.67,3.5
fanduel,player_rebounds,Under,Austin Reaves,2.22,3.5
fanduel,player_rebounds,Over,Keyonte George,1.93,3.5
fanduel,player_rebounds,Under,Keyonte George,1.88,3.5
fanduel,player_rebounds,Over,Kelly Olynyk,1.75,5.5
fanduel,player_rebounds,Under,Kelly Olynyk,2.1,5.5
fanduel,player_rebounds,Over,Lauri Markkanen,1.81,8.5
fanduel,player_rebounds,Under,Lauri Markkanen,2.02,8.5
fanduel,player_rebounds,Over,D'Angelo Russell,1.69,2.5
fanduel,player_rebounds,Under,D'Angelo Russell,2.18,2.5
fanduel,player_rebounds,Over,Jordan Clarkson,2.18,4.5
fanduel,player_rebounds,Under,Jordan Clarkson,1.69,4.5
fanduel,player_rebounds,Over,LeBron James,1.77,7.5
fanduel,player_rebounds,Under,LeBron James,2.06,7.5
fanduel,player_rebounds_assists,Over,Austin Reaves,1.88,8.5
fanduel,player_rebounds_assists,Under,Austin Reaves,1.88,8.5
fanduel,player_rebounds_assists,Over,Kelly Olynyk,2.06,9.5
fanduel,player_rebounds_assists,Under,Kelly Olynyk,1.74,9.5
fanduel,player_rebounds_assists,Over,LeBron James,2.0,15.5
fanduel,player_rebounds_assists,Under,LeBron James,1.78,15.5
fanduel,player_rebounds_assists,Over,Anthony Davis,1.93,14.5
fanduel,player_rebounds_assists,Under,Anthony Davis,1.85,14.5
fanduel,player_rebounds_assists,Over,Keyonte George,1.72,9.5
fanduel,player_rebounds_assists,Under,Keyonte George,2.08,9.5
fanduel,player_rebounds_assists,Over,Jordan Clarkson,1.74,8.5
fanduel,player_rebounds_assists,Under,Jordan Clarkson,2.06,8.5
fanduel,player_rebounds_assists,Over,D'Angelo Russell,2.02,9.5
fanduel,player_rebounds_assists,Under,D'Angelo Russell,1.77,9.5
fanduel,player_threes,Over,Lauri Markkanen,1.59,2.5
fanduel,player_threes,Under,Lauri Markkanen,2.32,2.5
fanduel,player_threes,Over,John Collins,2.16,1.5
fanduel,player_threes,Under,John Collins,1.68,1.5
fanduel,player_threes,Over,Ochai Agbaji,2.54,1.5
fanduel,player_threes,Under,Ochai Agbaji,1.5,1.5
fanduel,player_threes,Over,Austin Reaves,2.12,1.5
fanduel,player_threes,Under,Austin Reaves,1.71,1.5
fanduel,player_threes,Over,Jordan Clarkson,2.26,2.5
fanduel,player_threes,Under,Jordan Clarkson,1.62,2.5
fanduel,player_threes,Over,D'Angelo Russell,2.32,2.5
fanduel,player_threes,Under,D'Angelo Russell,1.59,2.5
fanduel,player_threes,Over,Cam Reddish,2.14,1.5
fanduel,player_threes,Under,Cam Reddish,1.68,1.5
fanduel,player_threes,Over,Keyonte George,1.9,1.5
fanduel,player_threes,Under,Keyonte George,1.87,1.5
fanduel,player_threes,Over,Taurean Prince,2.14,1.5
fanduel,player_threes,Under,Taurean Prince,1.68,1.5
fanduel,player_threes,Over,LeBron James,2.4,2.5
fanduel,player_threes,Under,LeBron James,1.56,2.5
fanduel,player_assists,Over,Deni Avdija,1.74,3.5
fanduel,player_assists,Under,Deni Avdija,2.08,3.5
fanduel,player_assists,Over,Tyus Jones,1.83,5.5
fanduel,player_assists,Under,Tyus Jones,1.94,5.5
fanduel,player_assists,Over,Gordon Hayward,2.06,4.5
fanduel,player_assists,Under,Gordon Hayward,1.74,4.5
fanduel,player_assists,Over,Kyle Kuzma,1.78,3.5
fanduel,player_assists,Under,Kyle Kuzma,2.0,3.5
fanduel,player_assists,Over,Jordan Poole,2.1,4.5
fanduel,player_assists,Under,Jordan Poole,1.71,4.5
fanduel,player_assists,Over,Miles Bridges,1.85,3.5
fanduel,player_assists,Under,Miles Bridges,1.93,3.5
fanduel,player_assists,Over,LaMelo Ball,2.04,9.5
fanduel,player_assists,Under,LaMelo Ball,1.76,9.5
fanduel,player_points,Over,Tyus Jones,1.88,10.5
fanduel,player_points,Under,Tyus Jones,1.88,10.5
fanduel,player_points,Over,Kyle Kuzma,1.93,23.5
fanduel,player_points,Under,Kyle Kuzma,1.85,23.5
fanduel,player_points,Over,Miles Bridges,1.9,19.5
fanduel,player_points,Under,Miles Bridges,1.87,19.5
fanduel,player_points,Over,Jordan Poole,1.9,18.5
fanduel,player_points,Under,Jordan Poole,1.87,18.5
fanduel,player_points,Over,Brandon Miller,1.9,15.5
fanduel,player_points,Under,Brandon Miller,1.87,15.5
fanduel,player_points,Over,Gordon Hayward,1.87,15.5
fanduel,player_points,Under,Gordon Hayward,1.9,15.5
fanduel,player_points,Over,LaMelo Ball,1.87,28.5
fanduel,player_points,Under,LaMelo Ball,1.93,28.5
fanduel,player_points,Over,Mark Williams,1.9,14.5
fanduel,player_points,Under,Mark Williams,1.87,14.5
fanduel,player_points,Over,Deni Avdija,1.83,11.5
fanduel,player_points,Under,Deni Avdija,1.94,11.5
fanduel,player_points,Over,Daniel Gafford,1.88,10.5
fanduel,player_points,Under,Daniel Gafford,1.88,10.5
fanduel,player_points_assists,Over,Kyle Kuzma,1.94,27.5
fanduel,player_points_assists,Under,Kyle Kuzma,1.83,27.5
fanduel,player_points_assists,Over,Deni Avdija,1.87,15.5
fanduel,player_points_assists,Under,Deni Avdija,1.9,15.5
fanduel,player_points_assists,Over,LaMelo Ball,1.82,37.5
fanduel,player_points_assists,Under,LaMelo Ball,1.96,37.5
fanduel,player_points_assists,Over,Tyus Jones,1.96,16.5
fanduel,player_points_assists,Under,Tyus Jones,1.83,16.5
fanduel,player_points_assists,Over,Gordon Hayward,1.98,20.5
fanduel,player_points_assists,Under,Gordon Hayward,1.8,20.5
fanduel,player_points_assists,Over,Jordan Poole,1.83,22.5
fanduel,player_points_assists,Under,Jordan Poole,1.94,22.5
fanduel,player_points_assists,Over,Miles Bridges,1.94,23.5
fanduel,player_points_assists,Under,Miles Bridges,1.83,23.5
fanduel,player_points_rebounds,Over,Jordan Poole,1.9,21.5
fanduel,player_points_rebounds,Under,Jordan Poole,1.87,21.5
fanduel,player_points_rebounds,Over,Deni Avdija,1.87,18.5
fanduel,player_points_rebounds,Under,Deni Avdija,1.9,18.5
fanduel,player_points_rebounds,Over,Daniel Gafford,1.9,18.5
fanduel,player_points_rebounds,Under,Daniel Gafford,1.87,18.5
fanduel,player_points_rebounds,Over,Miles Bridges,1.9,27.5
fanduel,player_points_rebounds,Under,Miles Bridges,1.87,27.5
fanduel,player_points_rebounds,Over,Brandon Miller,1.9,20.5
fanduel,player_points_rebounds,Under,Brandon Miller,1.87,20.5
fanduel,player_points_rebounds,Over,Kyle Kuzma,1.82,29.5
fanduel,player_points_rebounds,Under,Kyle Kuzma,1.96,29.5
fanduel,player_points_rebounds,Over,LaMelo Ball,1.85,35.5
fanduel,player_points_rebounds,Under,LaMelo Ball,1.93,35.5
fanduel,player_points_rebounds,Over,Gordon Hayward,1.85,20.5
fanduel,player_points_rebounds,Under,Gordon Hayward,1.93,20.5
fanduel,player_points_rebounds,Over,Tyus Jones,1.88,13.5
fanduel,player_points_rebounds,Under,Tyus Jones,1.88,13.5
fanduel,player_points_rebounds,Over,Mark Williams,1.96,26.5
fanduel,player_points_rebounds,Under,Mark Williams,1.82,26.5
fanduel,player_points_rebounds_assists,Over,LaMelo Ball,1.83,44.5
fanduel,player_points_rebounds_assists,Under,LaMelo Ball,1.94,44.5
fanduel,player_points_rebounds_assists,Over,Tyus Jones,1.96,19.5
fanduel,player_points_rebounds_assists,Under,Tyus Jones,1.82,19.5
fanduel,player_points_rebounds_assists,Over,Kyle Kuzma,1.85,33.5
fanduel,player_points_rebounds_assists,Under,Kyle Kuzma,1.93,33.5
fanduel,player_points_rebounds_assists,Over,Miles Bridges,1.96,31.5
fanduel,player_points_rebounds_assists,Under,Miles Bridges,1.82,31.5
fanduel,player_points_rebounds_assists,Over,Gordon Hayward,1.96,25.5
fanduel,player_points_rebounds_assists,Under,Gordon Hayward,1.82,25.5
fanduel,player_points_rebounds_assists,Over,Jordan Poole,1.85,25.5
fanduel,player_points_rebounds_assists,Under,Jordan Poole,1.93,25.5
fanduel,player_points_rebounds_assists,Over,Deni Avdija,1.87,22.5
fanduel,player_points_rebounds_assists,Under,Deni Avdija,1.9,22.5
fanduel,player_rebounds,Over,Kyle Kuzma,2.04,6.5
fanduel,player_rebounds,Under,Kyle Kuzma,1.76,6.5
fanduel,player_rebounds,Over,Mark Williams,1.93,11.5
fanduel,player_rebounds,Under,Mark Williams,1.87,11.5
fanduel,player_rebounds,Over,Tyus Jones,1.78,2.5
fanduel,player_rebounds,Under,Tyus Jones,1.98,2.5
fanduel,player_rebounds,Over,Daniel Gafford,1.85,7.5
fanduel,player_rebounds,Under,Daniel Gafford,1.93,7.5
fanduel,player_rebounds,Over,Deni Avdija,1.87,6.5
fanduel,player_rebounds,Under,Deni Avdija,1.9,6.5
fanduel,player_rebounds,Over,LaMelo Ball,1.8,6.5
fanduel,player_rebounds,Under,LaMelo Ball,1.98,6.5
fanduel,player_rebounds,Over,Gordon Hayward,1.77,4.5
fanduel,player_rebounds,Under,Gordon Hayward,2.02,4.5
fanduel,player_rebounds,Over,Jordan Poole,1.82,2.5
fanduel,player_rebounds,Under,Jordan Poole,1.96,2.5
fanduel,player_rebounds,Over,Miles Bridges,1.83,7.5
fanduel,player_rebounds,Under,Miles Bridges,1.94,7.5
fanduel,player_rebounds,Over,Brandon Miller,1.76,4.5
fanduel,player_rebounds,Under,Brandon Miller,2.04,4.5
fanduel,player_rebounds_assists,Over,Tyus Jones,1.93,8.5
fanduel,player_rebounds_assists,Under,Tyus Jones,1.85,8.5
fanduel,player_rebounds_assists,Over,Jordan Poole,2.12,7.5
fanduel,player_rebounds_assists,Under,Jordan Poole,1.7,7.5
fanduel,player_rebounds_assists,Over,Kyle Kuzma,2.06,10.5
fanduel,player_rebounds_assists,Under,Kyle Kuzma,1.74,10.5
fanduel,player_rebounds_assists,Over,LaMelo Ball,1.74,15.5
fanduel,player_rebounds_assists,Under,LaMelo Ball,2.06,15.5
fanduel,player_rebounds_assists,Over,Miles Bridges,1.98,11.5
fanduel,player_rebounds_assists,Under,Miles Bridges,1.8,11.5
fanduel,player_rebounds_assists,Over,Gordon Hayward,2.02,9.5
fanduel,player_rebounds_assists,Under,Gordon Hayward,1.77,9.5
fanduel,player_rebounds_assists,Over,Deni Avdija,1.88,10.5
fanduel,player_rebounds_assists,Under,Deni Avdija,1.88,10.5
fanduel,player_threes,Over,LaMelo Ball,1.77,3.5
fanduel,player_threes,Under,LaMelo Ball,2.02,3.5
fanduel,player_threes,Over,Kyle Kuzma,1.78,2.5
fanduel,player_threes,Under,Kyle Kuzma,2.0,2.5
fanduel,player_threes,Over,Brandon Miller,1.8,1.5
fanduel,player_threes,Under,Brandon Miller,1.98,1.5
fanduel,player_threes,Over,Miles Bridges,2.02,1.5
fanduel,player_threes,Under,Miles Bridges,1.77,1.5
fanduel,player_threes,Over,Gordon Hayward,1.48,0.5
fanduel,player_threes,Under,Gordon Hayward,2.62,0.5
fanduel,player_threes,Over,Deni Avdija,2.46,1.5
fanduel,player_threes,Under,Deni Avdija,1.53,1.5
fanduel,player_threes,Over,Jordan Poole,2.04,2.5
fanduel,player_threes,Under,Jordan Poole,1.76,2.5
fanduel,player_threes,Over,Tyus Jones,2.26,1.5
fanduel,player_threes,Under,Tyus Jones,1.62,1.5
fanduel,player_assists,Over,Jayson Tatum,2.08,4.5
fanduel,player_assists,Under,Jayson Tatum,1.72,4.5
fanduel,player_assists,Over,Derrick White,1.98,4.5
fanduel,player_assists,Under,Derrick White,1.8,4.5
fanduel,player_assists,Over,Jaylen Brown,2.32,3.5
fanduel,player_assists,Under,Jaylen Brown,1.59,3.5
fanduel,player_assists,Over,Jrue Holiday,2.12,5.5
fanduel,player_assists,Under,Jrue Holiday,1.7,5.5
fanduel,player_assists,Over,Damian Lillard,2.0,6.5
fanduel,player_assists,Under,Damian Lillard,1.78,6.5
fanduel,player_assists,Over,Giannis Antetokounmpo,1.83,4.5
fanduel,player_assists,Under,Giannis Antetokounmpo,1.94,4.5
fanduel,player_points,Over,Derrick White,1.83,11.5
fanduel,player_points,Under,Derrick White,1.94,11.5
fanduel,player_points,Over,Jayson Tatum,1.88,27.5
fanduel,player_points,Under,Jayson Tatum,1.88,27.5
fanduel,player_points,Over,Malik Beasley,1.88,8.5
fanduel,player_points,Under,Malik Beasley,1.88,8.5
fanduel,player_points,Over,Jrue Holiday,1.96,14.5
fanduel,player_points,Under,Jrue Holiday,1.82,14.5
fanduel,player_points,Over,Kristaps Porzingis,1.83,18.5
fanduel,player_points,Under,Kristaps Porzingis,1.94,18.5
fanduel,player_points,Over,Jaylen Brown,1.8,21.5
fanduel,player_points,Under,Jaylen Brown,1.98,21.5
fanduel,player_points,Over,Brook Lopez,1.98,10.5
fanduel,player_points,Under,Brook Lopez,1.8,10.5
fanduel,player_points,Over,Damian Lillard,1.96,25.5
fanduel,player_points,Under,Damian Lillard,1.82,25.5
fanduel,player_points,Over,Giannis Antetokounmpo,1.9,28.5
fanduel,player_points,Under,Giannis Antetokounmpo,1.87,28.5
fanduel,player_points_assists,Over,Damian Lillard,1.88,31.5
fanduel,player_points_assists,Under,Damian Lillard,1.88,31.5
fanduel,player_points_assists,Over,Jayson Tatum,1.8,31.5
fanduel,player_points_assists,Under,Jayson Tatum,1.98,31.5
fanduel,player_points_assists,Over,Jrue Holiday,1.87,19.5
fanduel,player_points_assists,Under,Jrue Holiday,1.9,19.5
fanduel,player_points_assists,Over,Jaylen Brown,1.93,25.5
fanduel,player_points_assists,Under,Jaylen Brown,1.85,25.5
fanduel,player_points_assists,Over,Derrick White,1.96,16.5
fanduel,player_points_assists,Under,Derrick White,1.82,16.5
fanduel,player_points_assists,Over,Giannis Antetokounmpo,1.94,33.5
fanduel,player_points_assists,Under,Giannis Antetokounmpo,1.83,33.5
fanduel,player_points_rebounds,Over,Kristaps Porzingis,1.87,26.5
fanduel,player_points_rebounds,Under,Kristaps Porzingis,1.9,26.5
fanduel,player_points_rebounds,Over,Malik Beasley,1.77,11.5
fanduel,player_points_rebounds,Under,Malik Beasley,2.02,11.5
fanduel,player_points_rebounds,Over,Giannis Antetokounmpo,1.87,39.5
fanduel,player_points_rebounds,Under,Giannis Antetokounmpo,1.9,39.5
fanduel,player_points_rebounds,Over,Jayson Tatum,1.96,37.5
fanduel,player_points_rebounds,Under,Jayson Tatum,1.82,37.5
fanduel,player_points_rebounds,Over,Derrick White,1.96,15.5
fanduel,player_points_rebounds,Under,Derrick White,1.82,15.5
fanduel,player_points_rebounds,Over,Jrue Holiday,1.94,20.5
fanduel,player_points_rebounds,Under,Jrue Holiday,1.83,20.5
fanduel,player_points_rebounds,Over,Brook Lopez,1.83,15.5
fanduel,player_points_rebounds,Under,Brook Lopez,1.94,15.5
fanduel,player_points_rebounds,Over,Jaylen Brown,1.88,27.5
fanduel,player_points_rebounds,Under,Jaylen Brown,1.88,27.5
fanduel,player_points_rebounds,Over,Damian Lillard,1.88,29.5
fanduel,player_points_rebounds,Under,Damian Lillard,1.88,29.5
fanduel,player_points_rebounds_assists,Over,G Antetokounmpo,1.9,44.5
fanduel,player_points_rebounds_assists,Under,G Antetokounmpo,1.87,44.5
fanduel,player_points_rebounds_assists,Over,Jayson Tatum,1.88,41.5
fanduel,player_points_rebounds_assists,Under,Jayson Tatum,1.88,41.5
fanduel,player_points_rebounds_assists,Over,Jaylen Brown,1.83,30.5
fanduel,player_points_rebounds_assists,Under,Jaylen Brown,1.94,30.5
fanduel,player_points_rebounds_assists,Over,Damian Lillard,1.8,35.5
fanduel,player_points_rebounds_assists,Under,Damian Lillard,1.98,35.5
fanduel,player_points_rebounds_assists,Over,Jrue Holiday,1.87,25.5
fanduel,player_points_rebounds_assists,Under,Jrue Holiday,1.9,25.5
fanduel,player_points_rebounds_assists,Over,Derrick White,1.82,19.5
fanduel,player_points_rebounds_assists,Under,Derrick White,1.96,19.5
fanduel,player_rebounds,Over,Kristaps Porzingis,1.85,7.5
fanduel,player_rebounds,Under,Kristaps Porzingis,1.93,7.5
fanduel,player_rebounds,Over,Giannis Antetokounmpo,1.78,10.5
fanduel,player_rebounds,Under,Giannis Antetokounmpo,2.0,10.5
fanduel,player_rebounds,Over,Jayson Tatum,1.96,9.5
fanduel,player_rebounds,Under,Jayson Tatum,1.82,9.5
fanduel,player_rebounds,Over,Malik Beasley,2.16,3.5
fanduel,player_rebounds,Under,Malik Beasley,1.68,3.5
fanduel,player_rebounds,Over,Derrick White,2.06,3.5
fanduel,player_rebounds,Under,Derrick White,1.74,3.5
fanduel,player_rebounds,Over,Jrue Holiday,1.78,5.5
fanduel,player_rebounds,Under,Jrue Holiday,2.0,5.5
fanduel,player_rebounds,Over,Brook Lopez,2.06,5.5
fanduel,player_rebounds,Under,Brook Lopez,1.74,5.5
fanduel,player_rebounds,Over,Damian Lillard,2.16,4.5
fanduel,player_rebounds,Under,Damian Lillard,1.68,4.5
fanduel,player_rebounds,Over,Jaylen Brown,1.96,5.5
fanduel,player_rebounds,Under,Jaylen Brown,1.82,5.5
fanduel,player_rebounds_assists,Over,Giannis Antetokounmpo,1.83,15.5
fanduel,player_rebounds_assists,Under,Giannis Antetokounmpo,1.94,15.5
fanduel,player_rebounds_assists,Over,Derrick White,1.74,7.5
fanduel,player_rebounds_assists,Under,Derrick White,2.06,7.5
fanduel,player_rebounds_assists,Over,Jrue Holiday,2.02,11.5
fanduel,player_rebounds_assists,Under,Jrue Holiday,1.77,11.5
fanduel,player_rebounds_assists,Over,Damian Lillard,1.83,10.5
fanduel,player_rebounds_assists,Under,Damian Lillard,1.94,10.5
fanduel,player_rebounds_assists,Over,Jayson Tatum,1.83,13.5
fanduel,player_rebounds_assists,Under,Jayson Tatum,1.94,13.5
fanduel,player_rebounds_assists,Over,Jaylen Brown,1.8,8.5
fanduel,player_rebounds_assists,Under,Jaylen Brown,1.98,8.5
fanduel,player_threes,Over,Damian Lillard,1.93,3.5
fanduel,player_threes,Under,Damian Lillard,1.85,3.5
fanduel,player_threes,Over,Kristaps Porzingis,1.54,1.5
fanduel,player_threes,Under,Kristaps Porzingis,2.42,1.5
fanduel,player_threes,Over,Brook Lopez,2.12,1.5
fanduel,player_threes,Under,Brook Lopez,1.7,1.5
fanduel,player_threes,Over,Jayson Tatum,2.04,3.5
fanduel,player_threes,Under,Jayson Tatum,1.76,3.5
fanduel,player_threes,Over,Jaylen Brown,2.26,2.5
fanduel,player_threes,Under,Jaylen Brown,1.62,2.5
fanduel,player_threes,Over,Jrue Holiday,1.8,1.5
fanduel,player_threes,Under,Jrue Holiday,1.98,1.5
fanduel,player_threes,Over,Derrick White,2.5,2.5
fanduel,player_threes,Under,Derrick White,1.52,2.5
fanduel,player_threes,Over,Malik Beasley,2.34,2.5
fanduel,player_threes,Under,Malik Beasley,1.58,2.5
fanduel,player_assists,Over,Coby White,1.8,3.5
fanduel,player_assists,Under,Coby White,1.98,3.5
fanduel,player_assists,Over,Josh Giddey,1.63,4.5
fanduel,player_assists,Under,Josh Giddey,2.24,4.5
fanduel,player_assists,Over,Chet Holmgren,2.0,2.5
fanduel,player_assists,Under,Chet Holmgren,1.78,2.5
fanduel,player_assists,Over,Nikola Vucevic,1.78,2.5
fanduel,player_assists,Under,Nikola Vucevic,2.0,2.5
fanduel,player_assists,Over,Zach LaVine,1.82,3.5
fanduel,player_assists,Under,Zach LaVine,1.96,3.5
fanduel,player_assists,Over,Shai Gilgeous Alexander,1.76,5.5
fanduel,player_assists,Under,Shai Gilgeous Alexander,2.04,5.5
fanduel,player_assists,Over,DeMar DeRozan,1.78,4.5
fanduel,player_assists,Under,DeMar DeRozan,2.0,4.5
fanduel,player_assists,Over,Alex Caruso,1.74,2.5
fanduel,player_assists,Under,Alex Caruso,2.06,2.5
fanduel,player_points,Over,Shai Gilgeous Alexander,1.98,31.5
fanduel,player_points,Under,Shai Gilgeous Alexander,1.8,31.5
fanduel,player_points,Over,Nikola Vucevic,1.82,16.5
fanduel,player_points,Under,Nikola Vucevic,1.96,16.5
fanduel,player_points,Over,Chet Holmgren,1.94,18.5
fanduel,player_points,Under,Chet Holmgren,1.83,18.5
fanduel,player_points,Over,Josh Giddey,1.82,13.5
fanduel,player_points,Under,Josh Giddey,1.96,13.5
fanduel,player_points,Over,Coby White,1.9,13.5
fanduel,player_points,Under,Coby White,1.87,13.5
fanduel,player_points,Over,DeMar DeRozan,1.94,20.5
fanduel,player_points,Under,DeMar DeRozan,1.83,20.5
fanduel,player_points,Over,Luguentz Dort,2.02,10.5
fanduel,player_points,Under,Luguentz Dort,1.77,10.5
fanduel,player_points,Over,Zach LaVine,1.88,20.5
fanduel,player_points,Under,Zach LaVine,1.88,20.5
fanduel,player_points,Over,Alex Caruso,1.88,9.5
fanduel,player_points,Under,Alex Caruso,1.88,9.5
fanduel,player_rebounds,Over,DeMar DeRozan,1.71,3.5
fanduel,player_rebounds,Under,DeMar DeRozan,2.1,3.5
fanduel,player_rebounds,Over,Josh Giddey,1.82,6.5
fanduel,player_rebounds,Under,Josh Giddey,1.96,6.5
fanduel,player_rebounds,Over,Chet Holmgren,1.87,8.5
fanduel,player_rebounds,Under,Chet Holmgren,1.9,8.5
fanduel,player_rebounds,Over,Nikola Vucevic,1.93,10.5
fanduel,player_rebounds,Under,Nikola Vucevic,1.83,10.5
fanduel,player_rebounds,Over,Zach LaVine,1.96,4.5
fanduel,player_rebounds,Under,Zach LaVine,1.83,4.5
fanduel,player_rebounds,Over,Alex Caruso,2.0,3.5
fanduel,player_rebounds,Under,Alex Caruso,1.77,3.5
fanduel,player_rebounds,Over,Coby White,2.1,3.5
fanduel,player_rebounds,Under,Coby White,1.71,3.5
fanduel,player_rebounds,Over,Luguentz Dort,1.98,4.5
fanduel,player_rebounds,Under,Luguentz Dort,1.8,4.5
fanduel,player_rebounds,Over,Shai Gilgeous Alexander,1.83,5.5
fanduel,player_rebounds,Under,Shai Gilgeous Alexander,1.94,5.5
fanduel,player_threes,Over,Alex Caruso,1.96,1.5
fanduel,player_threes,Under,Alex Caruso,1.82,1.5
fanduel,player_threes,Over,Zach LaVine,2.14,2.5
fanduel,player_threes,Under,Zach LaVine,1.68,2.5
fanduel,player_threes,Over,Shai Gilgeous Alexander,2.3,1.5
fanduel,player_threes,Under,Shai Gilgeous Alexander,1.6,1.5
fanduel,player_threes,Over,Luguentz Dort,2.06,1.5
fanduel,player_threes,Under,Luguentz Dort,1.74,1.5
fanduel,player_threes,Over,Chet Holmgren,1.82,1.5
fanduel,player_threes,Under,Chet Holmgren,1.96,1.5
fanduel,player_threes,Over,Coby White,2.3,2.5
fanduel,player_threes,Under,Coby White,1.6,2.5
fanduel,player_assists,Over,Santi Aldama,1.58,2.5
fanduel,player_assists,Under,Santi Aldama,2.34,2.5
fanduel,player_assists,Over,Alperen Sengun,1.76,4.5
fanduel,player_assists,Under,Alperen Sengun,2.04,4.5
fanduel,player_assists,Over,Desmond Bane,1.94,5.5
fanduel,player_assists,Under,Desmond Bane,1.83,5.5
fanduel,player_assists,Over,Jalen Green,1.68,2.5
fanduel,player_assists,Under,Jalen Green,2.16,2.5
fanduel,player_assists,Over,Fred VanVleet,2.08,8.5
fanduel,player_assists,Under,Fred VanVleet,1.72,8.5
fanduel,player_points,Over,Fred VanVleet,1.9,17.5
fanduel,player_points,Under,Fred VanVleet,1.87,17.5
fanduel,player_points,Over,Alperen Sengun,1.88,20.5
fanduel,player_points,Under,Alperen Sengun,1.88,20.5
fanduel,player_points,Over,Desmond Bane,1.98,26.5
fanduel,player_points,Under,Desmond Bane,1.8,26.5
fanduel,player_points,Over,Santi Aldama,1.96,16.5
fanduel,player_points,Under,Santi Aldama,1.82,16.5
fanduel,player_points,Over,Dillon Brooks,1.88,10.5
fanduel,player_points,Under,Dillon Brooks,1.88,10.5
fanduel,player_points,Over,Jaren Jackson Jr,1.9,19.5
fanduel,player_points,Under,Jaren Jackson Jr,1.87,19.5
fanduel,player_points,Over,Jabari Smith,2.0,12.5
fanduel,player_points,Under,Jabari Smith,1.78,12.5
fanduel,player_points,Over,Jalen Green,1.96,18.5
fanduel,player_points,Under,Jalen Green,1.82,18.5
fanduel,player_points_assists,Over,Desmond Bane,1.87,31.5
fanduel,player_points_assists,Under,Desmond Bane,1.9,31.5
fanduel,player_points_assists,Over,Alperen Sengun,1.9,25.5
fanduel,player_points_assists,Under,Alperen Sengun,1.87,25.5
fanduel,player_points_assists,Over,Santi Aldama,1.94,19.5
fanduel,player_points_assists,Under,Santi Aldama,1.83,19.5
fanduel,player_points_assists,Over,Fred VanVleet,1.82,25.5
fanduel,player_points_assists,Under,Fred VanVleet,1.96,25.5
fanduel,player_points_assists,Over,Jalen Green,1.93,21.5
fanduel,player_points_assists,Under,Jalen Green,1.85,21.5
fanduel,player_points_rebounds,Over,Desmond Bane,1.85,30.5
fanduel,player_points_rebounds,Under,Desmond Bane,1.93,30.5
fanduel,player_points_rebounds,Over,Jaren Jackson Jr,1.82,25.5
fanduel,player_points_rebounds,Under,Jaren Jackson Jr,1.96,25.5
fanduel,player_points_rebounds,Over,Fred VanVleet,1.83,21.5
fanduel,player_points_rebounds,Under,Fred VanVleet,1.94,21.5
fanduel,player_points_rebounds,Over,Jalen Green,1.83,22.5
fanduel,player_points_rebounds,Under,Jalen Green,1.94,22.5
fanduel,player_points_rebounds,Over,Dillon Brooks,1.88,14.5
fanduel,player_points_rebounds,Under,Dillon Brooks,1.88,14.5
fanduel,player_points_rebounds,Over,Jabari Smith,1.87,19.5
fanduel,player_points_rebounds,Under,Jabari Smith,1.9,19.5
fanduel,player_points_rebounds,Over,Santi Aldama,1.82,22.5
fanduel,player_points_rebounds,Under,Santi Aldama,1.96,22.5
fanduel,player_points_rebounds,Over,Alperen Sengun,1.96,30.5
fanduel,player_points_rebounds,Under,Alperen Sengun,1.82,30.5
fanduel,player_points_rebounds_assists,Over,Desmond Bane,1.9,36.5
fanduel,player_points_rebounds_assists,Under,Desmond Bane,1.87,36.5
fanduel,player_points_rebounds_assists,Over,Santi Aldama,1.98,26.5
fanduel,player_points_rebounds_assists,Under,Santi Aldama,1.8,26.5
fanduel,player_points_rebounds_assists,Over,Fred VanVleet,1.96,30.5
fanduel,player_points_rebounds_assists,Under,Fred VanVleet,1.82,30.5
fanduel,player_points_rebounds_assists,Over,Jalen Green,1.83,25.5
fanduel,player_points_rebounds_assists,Under,Jalen Green,1.94,25.5
fanduel,player_points_rebounds_assists,Over,Alperen Sengun,1.82,34.5
fanduel,player_points_rebounds_assists,Under,Alperen Sengun,1.96,34.5
fanduel,player_rebounds,Over,Santi Aldama,1.9,6.5
fanduel,player_rebounds,Under,Santi Aldama,1.87,6.5
fanduel,player_rebounds,Over,Desmond Bane,2.02,4.5
fanduel,player_rebounds,Under,Desmond Bane,1.77,4.5
fanduel,player_rebounds,Over,Alperen Sengun,1.87,9.5
fanduel,player_rebounds,Under,Alperen Sengun,1.88,9.5
fanduel,player_rebounds,Over,Jaren Jackson Jr,2.14,6.5
fanduel,player_rebounds,Under,Jaren Jackson Jr,1.68,6.5
fanduel,player_rebounds,Over,Jabari Smith,2.04,7.5
fanduel,player_rebounds,Under,Jabari Smith,1.76,7.5
fanduel,player_rebounds,Over,Fred VanVleet,2.16,4.5
fanduel,player_rebounds,Under,Fred VanVleet,1.68,4.5
fanduel,player_rebounds,Over,Jalen Green,2.12,4.5
fanduel,player_rebounds,Under,Jalen Green,1.7,4.5
fanduel,player_rebounds,Over,Dillon Brooks,1.78,3.5
fanduel,player_rebounds,Under,Dillon Brooks,2.0,3.5
fanduel,player_rebounds_assists,Over,Alperen Sengun,1.94,14.5
fanduel,player_rebounds_assists,Under,Alperen Sengun,1.83,14.5
fanduel,player_rebounds_assists,Over,Desmond Bane,1.71,9.5
fanduel,player_rebounds_assists,Under,Desmond Bane,2.1,9.5
fanduel,player_rebounds_assists,Over,Jalen Green,2.04,7.5
fanduel,player_rebounds_assists,Under,Jalen Green,1.76,7.5
fanduel,player_rebounds_assists,Over,Santi Aldama,1.85,9.5
fanduel,player_rebounds_assists,Under,Santi Aldama,1.93,9.5
fanduel,player_rebounds_assists,Over,Fred VanVleet,1.87,12.5
fanduel,player_rebounds_assists,Under,Fred VanVleet,1.9,12.5
fanduel,player_threes,Over,Santi Aldama,2.42,2.5
fanduel,player_threes,Under,Santi Aldama,1.54,2.5
fanduel,player_threes,Over,Desmond Bane,1.98,3.5
fanduel,player_threes,Under,Desmond Bane,1.8,3.5
fanduel,player_threes,Over,Dillon Brooks,2.08,1.5
fanduel,player_threes,Under,Dillon Brooks,1.72,1.5
fanduel,player_threes,Over,Jaren Jackson Jr,1.9,1.5
fanduel,player_threes,Under,Jaren Jackson Jr,1.87,1.5
fanduel,player_threes,Over,Jalen Green,1.53,1.5
fanduel,player_threes,Under,Jalen Green,2.46,1.5
fanduel,player_threes,Over,Jabari Smith,2.14,1.5
fanduel,player_threes,Under,Jabari Smith,1.68,1.5
fanduel,player_threes,Over,Fred VanVleet,2.24,3.5
fanduel,player_threes,Under,Fred VanVleet,1.62,3.5
fanduel,player_assists,Over,Keldon Johnson,1.65,3.5
fanduel,player_assists,Under,Keldon Johnson,2.2,3.5
fanduel,player_assists,Over,James Harden,1.85,7.5
fanduel,player_assists,Under,James Harden,1.93,7.5
fanduel,player_assists,Over,Victor Wembanyama,2.06,2.5
fanduel,player_assists,Under,Victor Wembanyama,1.74,2.5
fanduel,player_assists,Over,Kawhi Leonard,2.26,3.5
fanduel,player_assists,Under,Kawhi Leonard,1.62,3.5
fanduel,player_assists,Over,Zach Collins,1.76,3.5
fanduel,player_assists,Under,Zach Collins,2.04,3.5
fanduel,player_assists,Over,Paul George,2.32,3.5
fanduel,player_assists,Under,Paul George,1.59,3.5
fanduel,player_assists,Over,Jeremy Sochan,2.16,4.5
fanduel,player_assists,Under,Jeremy Sochan,1.68,4.5
fanduel,player_points,Over,Terance Mann,1.9,6.5
fanduel,player_points,Under,Terance Mann,1.87,6.5
fanduel,player_points,Over,Kawhi Leonard,1.9,23.5
fanduel,player_points,Under,Kawhi Leonard,1.87,23.5
fanduel,player_points,Over,Ivica Zubac,2.0,10.5
fanduel,player_points,Under,Ivica Zubac,1.78,10.5
fanduel,player_points,Over,James Harden,1.94,17.5
fanduel,player_points,Under,James Harden,1.83,17.5
fanduel,player_points,Over,Jeremy Sochan,1.88,10.5
fanduel,player_points,Under,Jeremy Sochan,1.88,10.5
fanduel,player_points,Over,Keldon Johnson,1.87,18.5
fanduel,player_points,Under,Keldon Johnson,1.9,18.5
fanduel,player_points,Over,Zach Collins,1.87,12.5
fanduel,player_points,Under,Zach Collins,1.9,12.5
fanduel,player_points,Over,Paul George,1.88,24.5
fanduel,player_points,Under,Paul George,1.88,24.5
fanduel,player_points,Over,Victor Wembanyama,1.88,18.5
fanduel,player_points,Under,Victor Wembanyama,1.88,18.5
fanduel,player_points_assists,Over,Zach Collins,1.88,16.5
fanduel,player_points_assists,Under,Zach Collins,1.88,16.5
fanduel,player_points_assists,Over,Jeremy Sochan,1.8,14.5
fanduel,player_points_assists,Under,Jeremy Sochan,1.98,14.5
fanduel,player_points_assists,Over,Kawhi Leonard,1.87,26.5
fanduel,player_points_assists,Under,Kawhi Leonard,1.9,26.5
fanduel,player_points_assists,Over,James Harden,1.8,24.5
fanduel,player_points_assists,Under,James Harden,1.98,24.5
fanduel,player_points_assists,Over,Victor Wembanyama,1.78,20.5
fanduel,player_points_assists,Under,Victor Wembanyama,2.0,20.5
fanduel,player_points_assists,Over,Paul George,1.83,27.5
fanduel,player_points_assists,Under,Paul George,1.94,27.5
fanduel,player_points_assists,Over,Keldon Johnson,1.87,22.5
fanduel,player_points_assists,Under,Keldon Johnson,1.9,22.5
fanduel,player_points_rebounds,Over,Jeremy Sochan,1.78,15.5
fanduel,player_points_rebounds,Under,Jeremy Sochan,2.0,15.5
fanduel,player_points_rebounds,Over,Zach Collins,1.85,18.5
fanduel,player_points_rebounds,Under,Zach Collins,1.93,18.5
fanduel,player_points_rebounds,Over,Kawhi Leonard,1.96,29.5
fanduel,player_points_rebounds,Under,Kawhi Leonard,1.82,29.5
fanduel,player_points_rebounds,Over,Terance Mann,1.96,11.5
fanduel,player_points_rebounds,Under,Terance Mann,1.82,11.5
fanduel,player_points_rebounds,Over,Victor Wembanyama,1.9,27.5
fanduel,player_points_rebounds,Under,Victor Wembanyama,1.87,27.5
fanduel,player_points_rebounds,Over,Paul George,1.82,30.5
fanduel,player_points_rebounds,Under,Paul George,1.96,30.5
fanduel,player_points_rebounds,Over,Keldon Johnson,1.8,23.5
fanduel,player_points_rebounds,Under,Keldon Johnson,1.98,23.5
fanduel,player_points_rebounds,Over,Ivica Zubac,1.96,19.5
fanduel,player_points_rebounds,Under,Ivica Zubac,1.82,19.5
fanduel,player_points_rebounds,Over,James Harden,1.93,22.5
fanduel,player_points_rebounds,Under,James Harden,1.85,22.5
fanduel,player_points_rebounds_assists,Over,Paul George,1.94,34.5
fanduel,player_points_rebounds_assists,Under,Paul George,1.83,34.5
fanduel,player_points_rebounds_assists,Over,Keldon Johnson,1.96,28.5
fanduel,player_points_rebounds_assists,Under,Keldon Johnson,1.82,28.5
fanduel,player_points_rebounds_assists,Over,Kawhi Leonard,1.88,32.5
fanduel,player_points_rebounds_assists,Under,Kawhi Leonard,1.88,32.5
fanduel,player_points_rebounds_assists,Over,Zach Collins,1.87,22.5
fanduel,player_points_rebounds_assists,Under,Zach Collins,1.9,22.5
fanduel,player_points_rebounds_assists,Over,James Harden,1.98,30.5
fanduel,player_points_rebounds_assists,Under,James Harden,1.8,30.5
fanduel,player_points_rebounds_assists,Over,Victor Wembanyama,1.82,29.5
fanduel,player_points_rebounds_assists,Under,Victor Wembanyama,1.96,29.5
fanduel,player_points_rebounds_assists,Over,Jeremy Sochan,1.93,20.5
fanduel,player_points_rebounds_assists,Under,Jeremy Sochan,1.85,20.5
fanduel,player_rebounds,Over,Victor Wembanyama,1.87,8.5
fanduel,player_rebounds,Under,Victor Wembanyama,1.9,8.5
fanduel,player_rebounds,Over,Kawhi Leonard,1.93,5.5
fanduel,player_rebounds,Under,Kawhi Leonard,1.85,5.5
fanduel,player_rebounds,Over,Zach Collins,1.71,5.5
fanduel,player_rebounds,Under,Zach Collins,2.1,5.5
fanduel,player_rebounds,Over,Terance Mann,1.88,4.5
fanduel,player_rebounds,Under,Terance Mann,1.88,4.5
fanduel,player_rebounds,Over,Jeremy Sochan,2.06,5.5
fanduel,player_rebounds,Under,Jeremy Sochan,1.74,5.5
fanduel,player_rebounds,Over,Keldon Johnson,2.16,5.5
fanduel,player_rebounds,Under,Keldon Johnson,1.68,5.5
fanduel,player_rebounds,Over,Paul George,2.14,6.5
fanduel,player_rebounds,Under,Paul George,1.68,6.5
fanduel,player_rebounds,Over,James Harden,1.74,4.5
fanduel,player_rebounds,Under,James Harden,2.06,4.5
fanduel,player_rebounds,Over,Ivica Zubac,1.83,8.5
fanduel,player_rebounds,Under,Ivica Zubac,1.94,8.5
fanduel,player_rebounds_assists,Over,James Harden,1.85,12.5
fanduel,player_rebounds_assists,Under,James Harden,1.93,12.5
fanduel,player_rebounds_assists,Over,Jeremy Sochan,1.88,9.5
fanduel,player_rebounds_assists,Under,Jeremy Sochan,1.88,9.5
fanduel,player_rebounds_assists,Over,Victor Wembanyama,2.04,11.5
fanduel,player_rebounds_assists,Under,Victor Wembanyama,1.76,11.5
fanduel,player_rebounds_assists,Over,Keldon Johnson,2.02,9.5
fanduel,player_rebounds_assists,Under,Keldon Johnson,1.77,9.5
fanduel,player_rebounds_assists,Over,Kawhi Leonard,1.78,8.5
fanduel,player_rebounds_assists,Under,Kawhi Leonard,2.0,8.5
fanduel,player_rebounds_assists,Over,Zach Collins,1.78,9.5
fanduel,player_rebounds_assists,Under,Zach Collins,2.0,9.5
fanduel,player_rebounds_assists,Over,Paul George,1.94,9.5
fanduel,player_rebounds_assists,Under,Paul George,1.83,9.5
fanduel,player_threes,Over,Paul George,2.4,3.5
fanduel,player_threes,Under,Paul George,1.56,3.5
fanduel,player_threes,Over,Zach Collins,2.64,1.5
fanduel,player_threes,Under,Zach Collins,1.47,1.5
fanduel,player_threes,Over,James Harden,2.48,2.5
fanduel,player_threes,Under,James Harden,1.52,2.5
fanduel,player_threes,Over,Keldon Johnson,2.62,2.5
fanduel,player_threes,Under,Keldon Johnson,1.48,2.5
fanduel,player_threes,Over,Kawhi Leonard,2.48,2.5
fanduel,player_threes,Under,Kawhi Leonard,1.52,2.5
fanduel,player_threes,Over,Victor Wembanyama,1.62,1.5
fanduel,player_threes,Under,Victor Wembanyama,2.26,1.5
